F0010001A2007_100_07,撙水年下仔查核成下仔處分上站仔
F0010001A2007_101_07,鑊頭搭烏蠅酒娘鉛線仔發酵尿裙仔
F0010001A2007_102_07,排桌乳珠仔伙頭牙确仔籠床嗶嗶仔
F0010001A2007_103_07,膨鏡討功勞笠嫲偎大片閂門惜過頭
F0010001A2007_104_07,柵門心肝仔籬笆轉外家籮仔命團仔
F0010001A2007_105_07,後生人最驚老人家噥講著成績
F0010001A2007_106_07,老弟同頭名全全比毋得比該尾名就還較得
F0010001A2007_107_07,巴掌嫲盪啊過去這事頭你總包起來
F0010001A2007_108_07,屋下恁多人會同你𢯭做毋使驚
F0010001A2007_109_07,交官結府大大細細大主大意動手動腳
F0010001A2007_10_07,等得月出日落西
F0010001A2007_110_07,漦漦濞濞先號先贏先走先贏相打泌背
F0010001A2007_111_07,係食著毋合肚个東西會噎酸阿玲玩具搞忒無收揫
F0010001A2007_112_07,害厥姆躪著跌到四腳惹天
F0010001A2007_113_07,緊講話又緊掞腳當無禮貌
F0010001A2007_114_07,當多蚊仔在若胠罅下蒐啊蒐仔愛叼你還毋遽遽走
F0010001A2007_115_07,天頂个星宿恁多你識幾多粒
F0010001A2007_116_07,滿叔个性體當好又當熱心毋過佢係一個呱牯
F0010001A2007_117_07,佢係發性起來麼人个話都毋聽
F0010001A2007_118_07,這豬油放忒久鼻起來當臭油垢怕係壞忒哩
F0010001A2007_119_07,五月節鹿港有辦划龍船比賽參詳事情愛講道理
F0010001A2007_11_07,人心節節高料字寫成科
F0010001A2007_120_07,係橫橫擎定著毋會有結果
F0010001A2007_121_07,這餅仔恁燥無傍茶吞毋落胲毋好煮恁多
F0010001A2007_122_07,屋下淨兩儕人食毋去倒忒當打爽
F0010001A2007_123_07,佢毋曉得使筷仔挾毋著菜來食
F0010001A2007_124_07,阿義个手目毋堵好參著嗄㪐腕實在還衰喲
F0010001A2007_125_07,姐婆个大聲胲遠遠就聽得著雨落忒多做大水
F0010001A2007_126_07,無半息雨做天旱實在異難耐
F0010001A2007_127_07,先生吂講佢就同課本掀好勢吔
F0010001A2007_128_07,這臺車仔仰會停在路徑頭煞煞喊車主來徙位
F0010001A2007_129_07,過目關哩針線空就桊毋過
F0010001A2007_12_07,良言一句三冬暖惡語傷人六月寒
F0010001A2007_130_07,頭下碼大家都看佢無半撇背尾正知佢係大腳士
F0010001A2007_131_07,恁久無看著你高加異多哦狗仔食東西个時節
F0010001A2007_132_07,凶呷呷仔別儕一來就咬佢
F0010001A2007_133_07,佢對樓頂倒頭種跌下來異傷重
F0010001A2007_134_07,北迴鐵路經過當多山火車在暗窿肚鑽來鑽去
F0010001A2007_135_07,頭前出車禍車仔全在路項卡等
F0010001A2007_136_07,細嬰兒仔雖然有多少仔臭乳臊毋過盡得人惜
F0010001A2007_137_07,阿爸使媒人婆去阿碌伯屋下講親
F0010001A2007_138_07,過年屋下大拚掃阿姊拿水管對等窗門洩水
F0010001A2007_139_07,係講你肚飢你就先食無要緊無腦屎係無
F0010001A2007_13_07,牛毋做賊毋做橫打直過
F0010001A2007_140_07,恁簡單个事你到今還看毋真
F0010001A2007_141_07,佢兩儕鬥股愛開一間便利商店這老車仔
F0010001A2007_142_07,輒輒駛到半路就恬忒異無結煞
F0010001A2007_143_07,有身妊个人愛多尞毋好忒過勞碌
F0010001A2007_144_07,入門係看著一張臭屎面會虐削到企坐毋核
F0010001A2007_145_07,聽人講腎家毋砸个人較會腰骨痠軟
F0010001A2007_146_07,舊曆七月該下異多寺廟會辦普渡活動
F0010001A2007_147_07,紅毛泥屋頂係有必縫定著會漏水
F0010001A2007_148_07,雞卵糕有兩垤毋過若額分若老弟食忒哩
F0010001A2007_149_07,大家無愛聲佢定定佢嗄陣陣腦上
F0010001A2007_14_07,吂種瓜豆先搭棚吂降倈仔先安名
F0010001A2007_150_07,這幾日个天時無正常溫度高又過起燒風
F0010001A2007_151_07,這下尋頭路多少仔愛會講英語天外有天
F0010001A2007_152_07,人外有人一個人絕對毋好自大
F0010001A2007_153_07,佢係有經過這位成擺仔會入來坐
F0010001A2007_154_07,打早就看佢頭磬磬弄弄仔行毋知愛去哪
F0010001A2007_155_07,這下愛赴時間你行較遽兜仔好無
F0010001A2007_156_07,頭擺街路尾有一間戲園逐暗晡會做電影
F0010001A2007_157_07,蘿蔔絲愛勻開來晒無斯晒毋會燥
F0010001A2007_158_07,莫麼个就望細人仔自家身體顧好來較贏
F0010001A2007_159_07,阿伯公个字墨盡飽講四句隨口來
F0010001A2007_15_07,莫罵酉時妻一夜受孤栖
F0010001A2007_160_07,衫褲洗好拿去脫水機攪攪啊晾較遽燥
F0010001A2007_161_07,做麼个事情都共樣好頭好尾正圓滿
F0010001A2007_162_07,佢做生理失敗吔目𥍉𥍉仔異衰過
F0010001A2007_163_07,婦人家有身妊个時節屋下个東西做毋得儘採動
F0010001A2007_164_07,儘採釘驚怕會犯著胎神
F0010001A2007_165_07,番豆麻仔黃豆仔總下做得打油
F0010001A2007_166_07,恁熱个天時還同窗門關揫揫會翕死哦
F0010001A2007_167_07,老屋當闊細人仔當好在該搞賭人尋
F0010001A2007_168_07,昨晡日行忒悿朝晨䟘床還撐腿撐腿
F0010001A2007_169_07,細人仔恁硬頸定著愛教正毋會學壞
F0010001A2007_16_07,貓躁飯甑種成狗
F0010001A2007_170_07,下晝頭正做事个人較少車枋就放冗吔
F0010001A2007_171_07,在屋下𠊎座大下背還有三個老妹
F0010001A2007_172_07,天時恁熱食一罐冰冰个涼水異舒爽
F0010001A2007_173_07,你怕異會煮哦倈仔隻隻畜到恁大仙
F0010001A2007_174_07,這品菜鼻起來香噴噴仔食起來無見奇
F0010001A2007_175_07,你逐擺都係講話無算數難怪會博人惱老弟用砂鐐同花盆个泥鋪平來
F0010001A2007_176_07,虐毛蟲个毛會虐人愛細義毋好分佢蜒著
F0010001A2007_177_07,轉寒哩加領裌仔無寒著斯無結無煞做人毋好忒橫
F0010001A2007_178_07,係見人全閃你像驚鬼樣仔該就見笑吔哪
F0010001A2007_179_07,動啊著就唉唉㗱㗱个人愛仰仔做大事這條山路斡來斡去
F0010001A2007_17_07,好事毋出門壞事傳千里
F0010001A2007_180_07,車仔當難駛這個細妹仔个面紅囉囉仔盡像蘋果共樣
F0010001A2007_181_07,阿姊失戀該站仔在齋堂歇好久看著佢平安轉來
F0010001A2007_182_07,大家就寬心吔阿伯正出院身體還弱弱毋好去做粗事
F0010001A2007_183_07,當久無落雨一哪仔都燥絲絲仔阿明做事一還一二還二
F0010001A2007_184_07,毋會烏白來頭擺人賣魚仔用篾皮桊到一桊一桊仔賣
F0010001A2007_185_07,𠊎今晡日懶尸帶飯當晝去外背食大麵就好
F0010001A2007_186_07,人講豬嫲肥豬子旺家底好个人較有錢繳子弟讀書
F0010001A2007_187_07,溼氣重樹仔當遽歿忒走幾下轉學校同你送課本
F0010001A2007_188_07,正經搣衰人這兜零角仔毋罅買一支枝仔冰
F0010001A2007_189_07,開賭場个頭家會抽頭分紅麼人亂傳話
F0010001A2007_18_07,三擇四擇擇隻爛瓠杓
F0010001A2007_190_07,外背人講到當難聽你知無
F0010001A2007_191_07,食刺波仔个時蒂頭愛摘忒
F0010001A2007_192_07,這女主角雖然講毋係當靚毋過當耐看
F0010001A2007_193_07,屋下玩具一千擔分佢隻把仔搞會仰仔這桌菜煮到無鹹無腥
F0010001A2007_194_07,毋餳人食佢生來當嫩相其實佢四十零歲吔
F0010001A2007_1_07,人惡人怕天毋怕人善人欺天不欺
F0010001A2007_20_07,阿公在間肚歇睏老弟在廳下看電視
F0010001A2007_21_07,係無係毋係做得無做毋得做得你曉得無
F0010001A2007_22_07,無問題你識佢無𠊎毋識佢恭喜發財新年快樂
F0010001A2007_23_07,這封信仔係韓國寄來个自家行一輪就會知咧原來玻璃係你打爛忒个
F0010001A2007_24_07,佢係阿婆從細渡到大个阿哥從來毋識自家煮飯
F0010001A2007_25_07,厥姊正結婚喊姊丈還喊毋慣嘴阿麗當有禮貌看著人就會喊人
F0010001A2007_26_07,兩姊妹為著一領衫在廳下相罵阿姆生日阿姊愛自家做雞卵糕
F0010001A2007_27_07,這禮拜咖啡買一送一阿姊今年六月愛畢業逐朝晨有人來送報紙
F0010001A2007_28_07,阿姆逐禮拜去學插花講著食哦佢打第一
F0010001A2007_29_07,你下隻月愛去新竹係無水暖好哩遽遽去洗身正轉啊來
F0010001A2007_2_07,行得夜路多必有遇鬼時
F0010001A2007_30_07,外背就落雨先生會同你醫好毋使愁天時恁熱出去晒會熱著
F0010001A2007_31_07,臺北車頭初九天公生坐火車去花蓮攪紅毛泥一大把鎖匙
F0010001A2007_32_07,公司賺當多錢臺灣銀行大約五尺長下禮拜一請假
F0010001A2007_33_07,天光日幾多儕會來過無幾久阿美就愛嫁咧
F0010001A2007_34_07,佢兩兄弟實在會搣死人上擺有講過仰又毋記得
F0010001A2007_35_07,天光朝晨愛打紅粄逐日睡到七晝八晝做毋得儘採擲地圾
F0010001A2007_36_07,對面新起兩排屋仔阿姆在灶下煠雞仔貓仔在屋頂項睡目
F0010001A2007_37_07,戴手錶仔佢戴士林區你愛接受事實一大碗公佢戴十二樓
F0010001A2007_38_07,老弟當好食冰畫一條線飯店歇一夜高雄係厥故鄉
F0010001A2007_39_07,若係有仰仔就愛講莫客氣阿姆無在廳下在裡背煮飯
F0010001A2007_3_07,人情好食水甜
F0010001A2007_40_07,緊行緊看看著中意个正買佢出車禍過後人就無忒咧
F0010001A2007_41_07,這屋仔正兩棧樓定定分粄仔摎人分飯食
F0010001A2007_42_07,拜六个夜市仔恁多人逐儕人盎仔肚插等當靚个花
F0010001A2007_43_07,五十公斤一張衛生紙佢嫁分姓張个一盒餅仔無人在屋下
F0010001A2007_44_07,分佢一垤糖仔寫兩行字同你共下去食到肚屎飽飽
F0010001A2007_45_07,佢毋係正式員工大家表現到當好人愛知感謝正好
F0010001A2007_46_07,佢這下係管理員臺灣有當多客人佢兩兄弟差十歲
F0010001A2007_47_07,外背落大雨還響雷公車仔分大石頭矺到綿綿落雨過後
F0010001A2007_48_07,外背出天弓香港新起个飛機場當大佢戴在中央二街
F0010001A2007_49_07,鐘聲一響學生仔緊拚拚仔行入教室準備上課
F0010001A2007_4_07,命歪好算命人醜好照鏡
F0010001A2007_50_07,過年貼門對做得增添兜仔喜氣
F0010001A2007_51_07,河豚同海豚形體差十分多有麼个好空記得喊𠊎啊
F0010001A2007_52_07,辦這活動當有意義厥女朋友優點異多
F0010001A2007_53_07,這藥品產生當多問題多用茶箍洗手正會消滅病毒
F0010001A2007_54_07,這項事情下班以前愛完成水塔分風搓吹橫忒
F0010001A2007_55_07,無搭無碓分人罵心肚試著異委屈𠊎下晝無歇睏這下精神毋好
F0010001A2007_56_07,緊擘嘴佢尋毋著身分證在間項緊揙你在揙麼个東西
F0010001A2007_57_07,上阿里山有火車路通行基礎建設建設國家科技大學
F0010001A2007_58_07,科技進步碼頭停當多船仔建立關係建立制度
F0010001A2007_59_07,錢愛勻勻仔使毋好一到使淨淨這路口時時有車禍
F0010001A2007_5_07,曉得偷食毋曉得洗嘴
F0010001A2007_60_07,經過个時節愛細義細人仔時常會在這搞賭人尋
F0010001A2007_61_07,阿公信佛教佢信基督教今年係閏年
F0010001A2007_62_07,清明愛掛紙天堂同地獄教材有六冊
F0010001A2007_63_07,佢兩儕當相好大家異看好這段婚姻
F0010001A2007_64_07,這還吂使恁遽決定啦愛做決定斯無恁該
F0010001A2007_65_07,日本當多人坐電車上班厥屋下个來臺祖係對長山來个
F0010001A2007_66_07,過節愛去公廳拜祖先元旦升旗典禮你愛去參加無
F0010001A2007_67_07,亼饅頭講笑科報戶口國民所得公部門
F0010001A2007_68_07,執政黨掛保證出車禍加減賺外國人
F0010001A2007_69_07,佢兜熟事盡多年哩喲佢兜因為立場無共樣嗄變敵人
F0010001A2007_6_07,三人同一心黃泥變成金
F0010001A2007_70_07,間肚有老鼠仔老妹嚇到緊噭
F0010001A2007_71_07,無知識乜愛有常識阿姊發子緊想愛翻熱到緊出汗
F0010001A2007_72_07,厥身高當堵好厥細人仔體重仰恁輕佢對自家無半息自信
F0010001A2007_73_07,做壞事早慢會分警察捉著使錢毋知痛早慢會橫笐
F0010001A2007_74_07,這片个草仔𠊎割差毋多哩續等就交分你收尾
F0010001A2007_75_07,佢兩姊嫂長透意見相反銃子用忒哩犯法愛接受司法个審判
F0010001A2007_76_07,佢去過當多國家吾金器分賊仔偷淨淨吔
F0010001A2007_77_07,𠊎對榴槤个印象當壞毋好食
F0010001A2007_78_07,在𠊎印象肚佢對人當好
F0010001A2007_79_07,佢當有才毋單淨會唱歌仔還當會做戲
F0010001A2007_7_07,講係一溜水做事無半撇
F0010001A2007_80_07,這暑假過到當充實充實自家个能力
F0010001A2007_81_07,植物園菊花茶畜頭牲龜山島澄清湖
F0010001A2007_82_07,漯落去打隻結撥扇仔一桶水䌈焿粽
F0010001A2007_83_07,電視臺有當多談話个節目天光日佢請假
F0010001A2007_84_07,你代理一下好無官兵捉強盜係細人仔好搞个遊戲
F0010001A2007_85_07,犯重罪饒赦毋得佢當輒去人屋下白食
F0010001A2007_86_07,佢當會膨風莫信佢老阿婆盡衰過無人好偎凴
F0010001A2007_87_07,一日三餐兩點心總統一任係四年兩擐粽仔
F0010001A2007_88_07,兩隻禮拜第一類分類兩團亼好个粄粹
F0010001A2007_89_07,細人仔隻隻畜到肥卒卒仔佢當好展
F0010001A2007_8_07,屎出褲帶又打結急死人
F0010001A2007_90_07,見人就拿手錶仔出來展驚人毋知樣仔
F0010001A2007_91_07,佢係做裝潢个佢出世在萬戶家庭
F0010001A2007_92_07,日日食魚食肉朝朝睡到日頭晒屎胐
F0010001A2007_93_07,鏡仔跌到地泥項必忒吔今年公司賺異成錢
F0010001A2007_94_07,做尾牙該下人人都有紅包好拿
F0010001A2007_95_07,佢生來靚靚仔算異耐看厥人生一路里來都當順序
F0010001A2007_96_07,毋單淨讀書頭路乜係
F0010001A2007_97_07,李仔酸合澀食吔胃糟糟海脣風恁大
F0010001A2007_98_07,你又講無停係食著海風轉去會失聲
F0010001A2007_99_07,搵水向往上莊頭一站仔竹篙哪央時
F0010001A2007_9_07,好愁毋愁愁六月天無日頭
F0010001D3007_10_07,今晡日𠊎兜割禾莊頭莊尾就去个人都來𢯭手共下割禾鬧熱換別儕个時節
F0010001D3007_11_07,屋下肚就愛大人出去同大家無計較
F0010001D3007_12_07,當有心組織靚天助个精神當有食六个人情味
F0010001D3007_13_07,就係恁仔大家莊頭莊尾過後割禾个人婦人家打嘴鼓
F0010001D3007_14_07,四點就愛䟘床擐好東西絡田去割禾代牛車布袋蒸穀耙這兜早就準備好勢
F0010001D3007_15_07,開始管个時節大家自然分工做事割禾个
F0010001D3007_17_07,細粒汗歸圓身仔貼摎人家準備一隻品好
F0010001D3007_18_07,裡肚放一改大表示厥就大包烏蠅十點邊仔
F0010001D3007_19_07,又準備米篩目食點心就恁樣歸晝邊仔逐儕都拚到天日仔
F0010001D3007_1_07,食飯哦好食八了過个細人仔係聽到這句話
F0010001D3007_20_07,當初時人家早就準備當豐沛个煮飯請這兜割禾師傅
F0010001D3007_21_07,大家禾割忒先轉屋下洗面婦人家正大人去請佢兜來食飯
F0010001D3007_22_07,屋下个婦人家早就無閒無閒洎杈打早㓾雞毛炒忒面擐就買去水煮粄
F0010001D3007_23_07,排好創作菜一品出來等割禾个人來食飯這時節大家草驚來
F0010001D3007_24_07,開始食飯變鬼朝晨吔這央時盡快樂大家食到當歡喜
F0010001D3007_25_07,有講有笑校換耕種个心得順續仔講哪家人个細人仔當會賺錢
F0010001D3007_26_07,屋下个婦人家還過細人仔等大家食飽正來晒這餐恁久
F0010001D3007_27_07,當有出息等割禾師傅一個一個來个時節世大人就摎細人仔
F0010001D3007_28_07,爺哀喊阿叔阿哥阿伯摎教書絡食在生活裡肚
F0010001D3007_29_07,準備恁久好食个煮飯這時節做得食著該想當久
F0010001D3007_2_07,就走到像比樣仔歸大陣從入灶下拿碗擎筷仔挾菜
F0010001D3007_30_07,好食个大面還過个曲度个大武
F0010001D3007_31_07,阿舅在屋後背種十過頭桶柑一有閒就行去屋背个細柑園抺抺摸摸
F0010001D3007_32_07,洩水挷草放肥料剪樹杷一等煞猛逐頭樹仔都分佢守顧到靚靚靚
F0010001D3007_33_07,三四月仔滿園青樹杷打起一蕊一蕊个細白花仔
F0010001D3007_34_07,䟓等一點一點卵黃色个花心當得人惜係一陣風吹過清香幼秀个香水味還會拂到滿哪仔都係
F0010001D3007_35_07,該香氣冤枉正得有錢乜買毋著你係在柑仔樹開花个時節行過柑園
F0010001D3007_36_07,一定愛曉得頓腳下來享受一下該香氣花皮一落地
F0010001D3007_37_07,青青个細柑仔子就緊大毋過柑仔子大異慢
F0010001D3007_38_07,愛一路等到年會到吔柑仔正會熟水故所講佢係年柑
F0010001D3007_39_07,阿舅个年柑正經有用心守顧一粒一粒平大圓篤
F0010001D3007_3_07,儕儕兜一碗飯去項路擎一張四角凳抑係阿姆嫁妝个莊遠凳頭隨人尋位仔坐等食乜有人用古个
F0010001D3007_40_07,毋會媸總係粒粒都係火燒柑阿舅你買著火燒柑个種哦
F0010001D3007_41_07,火燒柑哪有種怕係若嫂煎魚仔炒菜恁猛火
F0010001D3007_42_07,正會分油煙燻著火燒柑个皮粗粗赤赤賣相毋靚
F0010001D3007_43_07,毋過厥水分已足又較有柑仔个香氣故所當有柑仔个味緒
F0010001D3007_44_07,好食總係明明就種桶柑人家个桶柑黃臘黃臘靚靚
F0010001D3007_45_07,阿舅年年都出火燒柑敢正經係種草有問題仰會恁怪奇
F0010001D3007_46_07,原來係阿舅个柑園在屋後背較背日雖然日日有人掌等
F0010001D3007_47_07,毋使洩除草劑乜毋使打農藥一隻山牛牯分人看著都會摎佢捉忒
F0010001D3007_48_07,佢想愛在該位出子喫柑仔樹根害樹仔黃忒該斯毋使想
F0010001D3007_49_07,毋過有一種蝨仔安到柑橘鏽細細隻仔像頭那毛恁幼仔定定𫣆个目珠全全看佢毋著來捉
F0010001D3007_4_07,大家煞猛當煞猛打拚事這時節阿姆就會講你兜係山頂个抑係正對門放出來个既經係無
F0010001D3007_50_07,佢本旦就好囥在日頭較晒毋著个葉下樂樂仔喫柑仔皮
F0010001D3007_51_07,阿舅背日个柑園就盡堵好柑仔皮分這種蝨仔喫過會出油
F0010001D3007_52_07,柑仔油摎空氣鬥共下就變到烏色烏色个火燒柑吔
F0010001D3007_53_07,係柚仔皮分佢蜒過乜會像噭眵過樣仔留等目汁痕
F0010001D3007_54_07,故所火燒柑毋係分火燒著毋係分日頭㸐壞
F0010001D3007_55_07,乜毋係分阿嫂个油煙燻著係蝨仔講該粒果子無打著農藥个天然認證
F0010001D3007_5_07,就像毋識食過恁樣囉毋過講起來乜毋好怪這兜細人仔
F0010001D3007_6_07,平常時無麼个一息仔好食又過蟲上場下自然肚屎枵到滾
F0010001D3007_7_07,平常時連想食又愛等特別个節日抑係佢會
F0010001D3007_8_07,像係隔壁莊頭做平安去親自家妹仔無就討心臼正有佢會想著恁豐沛个好料仔
F0010001D3007_9_07,毋過分𠊎記得盡深个係割禾飯頭過獅錢割禾大家都愛換工
F0060001A2017_100_07,走幾下轉學校同你送課本正經搣衰人
F0060001A2017_101_07,麼人亂傳話外背人講到當難聽你知無
F0060001A2017_103_07,屋下玩具一千擔分佢隻把仔搞會仰仔
F0060001A2017_104_07,這還吂使恁遽決定啦愛做決定斯無恁該
F0060001A2017_105_07,佢去過當多國家吾金器分賊仔偷淨淨吔
F0060001A2017_106_07,細人仔隻隻畜到肥卒卒仔佢係做裝潢个
F0060001A2017_107_07,雞卵糕有兩垤毋過若額分若老弟食忒哩
F0060001A2017_108_07,這幾日个天時無正常溫度高又過起燒風
F0060001A2017_109_07,打早就看佢頭磬磬弄弄仔行毋知愛去哪
F0060001A2017_10_07,講係一溜水做事無半撇
F0060001A2017_110_07,頭擺街路尾有一間戲園逐暗晡會做電影
F0060001A2017_111_07,莫麼个就望細人仔自家身體顧好來較贏
F0060001A2017_112_07,衫褲洗好拿去脫水機攪攪啊晾較遽燥
F0060001A2017_113_07,虐毛蟲个毛會虐人愛細義毋好分佢蜒著
F0060001A2017_114_07,轉寒哩加領裌仔無寒著斯無結無煞
F0060001A2017_115_07,阿伯正出院身體還弱弱毋好去做粗事
F0060001A2017_116_07,頭擺人賣魚仔用篾皮桊到一桊一桊仔賣
F0060001A2017_117_07,細人仔時常會在這搞賭人尋婦人家有身妊个時節
F0060001A2017_118_07,屋下个東西做毋得儘採動儘採釘驚怕會犯著胎神
F0060001A2017_119_07,這路口時時有車禍經過个時節愛細義
F0060001A2017_11_07,少食多香氣多食無味緒
F0060001A2017_120_07,阿姆生日阿姊愛自家做雞卵糕
F0060001A2017_121_07,逐朝晨有人來送報紙兩姊妹為著一領衫在廳下相罵
F0060001A2017_122_07,厥姊正結婚喊姊丈還喊毋慣嘴阿麗當有禮貌
F0060001A2017_123_07,看著人就會喊人這禮拜咖啡買一送一阿姊今年六月愛畢業
F0060001A2017_124_07,五十公斤一張衛生紙佢嫁分姓張个一盒餅仔無人在屋下
F0060001A2017_125_07,戴手錶仔佢戴士林區你愛接受事實一大碗公佢戴十二樓
F0060001A2017_126_07,臺北車頭初九天公生坐火車去花蓮攪紅毛泥一大把鎖匙
F0060001A2017_127_07,電視臺有當多談話个節目天光日佢請假你代理一下好無
F0060001A2017_128_07,𠊎下晝無歇睏這下精神毋好緊擘嘴佢戴在中央二街
F0060001A2017_129_07,對面新起兩排屋仔阿姆在灶下煠雞仔貓仔在屋頂項睡目
F0060001A2017_12_07,人不可貌相海水不可斗量
F0060001A2017_130_07,動啊著就唉唉㗱㗱个人愛仰仔做大事這條山路斡來斡去
F0060001A2017_131_07,做人毋好忒橫係見人全閃你像驚鬼樣仔該就見笑吔哪
F0060001A2017_132_07,佢出世在萬戶家庭日日食魚食肉朝朝睡到日頭晒屎胐
F0060001A2017_133_07,緊行緊看看著中意个正買佢出車禍過後人就無忒咧
F0060001A2017_134_07,天光朝晨愛打紅粄逐日睡到七晝八晝做毋得儘採擲地圾
F0060001A2017_135_07,溼氣重樹仔當遽歿忒這兜零角仔毋罅買一支枝仔冰
F0060001A2017_136_07,車仔當難駛這個細妹仔个面紅囉囉仔盡像蘋果共樣
F0060001A2017_137_07,這事頭你總包起來屋下恁多人會同你𢯭做毋使驚
F0060001A2017_138_07,講著成績老弟同頭名全全比毋得比該尾名就還較得
F0060001A2017_139_07,上阿里山有火車路通行基礎建設建設國家科技大學
F0060001A2017_13_07,好愁毋愁愁六月天無日頭
F0060001A2017_140_07,分佢一垤糖仔寫兩行字同你共下去食到肚屎飽飽
F0060001A2017_141_07,若係有仰仔就愛講莫客氣阿姆無在廳下在裡背煮飯
F0060001A2017_142_07,老弟當好食冰畫一條線飯店歇一夜高雄係厥故鄉
F0060001A2017_143_07,公司賺當多錢臺灣銀行大約五尺長下禮拜一請假
F0060001A2017_144_07,無問題你識佢無𠊎毋識佢恭喜發財新年快樂
F0060001A2017_145_07,食飯後愛湯喙𠊎尿出想愛屙尿老妹在洗身間洗身
F0060001A2017_146_07,食刺波仔个時蒂頭愛摘忒原來玻璃係你打爛忒个
F0060001A2017_147_07,海脣風恁大你又講無停係食著海風轉去會失聲
F0060001A2017_148_07,無知識乜愛有常識阿姊發子緊想愛翻熱到緊出汗
F0060001A2017_149_07,過節愛去公廳拜祖先元旦升旗典禮你愛去參加無
F0060001A2017_14_07,三日風三日霜三日大天光
F0060001A2017_150_07,日本當多人坐電車上班厥屋下个來臺祖係對長山來个
F0060001A2017_151_07,佢這下係管理員臺灣有當多客人佢兩兄弟差十歲
F0060001A2017_152_07,拜六个夜市仔恁多人逐儕人盎仔肚插等當靚个花
F0060001A2017_153_07,佢兩兄弟實在會搣死人上擺有講過仰又毋記得
F0060001A2017_154_07,人講豬嫲肥豬子旺家底好个人較有錢繳子弟讀書
F0060001A2017_155_07,當多蚊仔在若胠罅下蒐啊蒐仔愛叼你還毋遽遽走
F0060001A2017_156_07,阿玲玩具搞忒無收揫害厥姆躪著跌到四腳惹天
F0060001A2017_157_07,厥人生一路里來都當順序毋單淨讀書頭路乜係
F0060001A2017_158_07,今年公司賺異成錢做尾牙該下人人都有紅包好拿
F0060001A2017_159_07,佢當好展見人就拿手錶仔出來展驚人毋知樣仔
F0060001A2017_15_07,人相打莫行前人相罵莫幫言
F0060001A2017_160_07,佢當會膨風莫信佢老阿婆盡衰過無人好偎凴
F0060001A2017_161_07,做壞事早慢會分警察捉著使錢毋知痛早慢會橫笐
F0060001A2017_162_07,佢兜熟事盡多年哩喲佢兜因為立場無共樣嗄變敵人
F0060001A2017_163_07,科技進步碼頭停當多船仔建立關係建立制度
F0060001A2017_164_07,河豚同海豚形體差十分多有麼个好空記得喊𠊎啊
F0060001A2017_165_07,佢毋係正式員工大家表現到當好人愛知感謝正好
F0060001A2017_166_07,正轉啊來外背就落雨先生會同你醫好毋使愁
F0060001A2017_167_07,狗仔食東西个時節凶呷呷仔別儕一來就咬佢
F0060001A2017_168_07,頭下碼大家都看佢無半撇背尾正知佢係大腳士
F0060001A2017_169_07,雨落忒多做大水無半息雨做天旱實在異難耐
F0060001A2017_16_07,吂種瓜豆先搭棚吂降倈仔先安名
F0060001A2017_170_07,毋好煮恁多屋下淨兩儕人食毋去倒忒當打爽
F0060001A2017_171_07,參詳事情愛講道理係橫橫擎定著毋會有結果
F0060001A2017_172_07,這片个草仔𠊎割差毋多哩續等就交分你收尾
F0060001A2017_173_07,佢尋毋著身分證在間項緊揙你在揙麼个東西
F0060001A2017_174_07,這項事情下班以前愛完成水塔分風搓吹橫忒
F0060001A2017_175_07,這藥品產生當多問題多用茶箍洗手正會消滅病毒
F0060001A2017_176_07,落雨過後外背出天弓香港新起个飛機場當大
F0060001A2017_177_07,外背落大雨還響雷公車仔分大石頭矺到綿綿
F0060001A2017_178_07,你下隻月愛去新竹係無水暖好哩遽遽去洗身
F0060001A2017_179_07,佢係阿婆從細渡到大个阿哥從來毋識自家煮飯
F0060001A2017_17_07,結了三年姊嫂還毋知張伯姆姓麼个
F0060001A2017_180_07,這封信仔係韓國寄來个自家行一輪就會知咧
F0060001A2017_181_07,係無係毋係做得無做毋得做得你曉得無
F0060001A2017_182_07,細嬰兒仔雖然有多少仔臭乳臊毋過盡得人惜
F0060001A2017_183_07,北迴鐵路經過當多山火車在暗窿肚鑽來鑽去
F0060001A2017_184_07,這臺車仔仰會停在路徑頭煞煞喊車主來徙位
F0060001A2017_185_07,阿義个手目毋堵好參著嗄㪐腕實在還衰喲
F0060001A2017_186_07,這豬油放忒久鼻起來當臭油垢怕係壞忒哩
F0060001A2017_187_07,滿叔个性體當好又當熱心毋過佢係一個呱牯
F0060001A2017_188_07,犯法愛接受司法个審判佢對自家無半息自信
F0060001A2017_189_07,𠊎今晡日懶尸帶飯當晝去外背食大麵就好
F0060001A2017_18_07,毋係該人毋驚你會講係該人毋使講佢會想
F0060001A2017_190_07,天外有天人外有人一個人絕對毋好自大
F0060001A2017_191_07,入門係看著一張臭屎面會虐削到企坐毋核
F0060001A2017_192_07,這老車仔輒輒駛到半路就恬忒異無結煞
F0060001A2017_193_07,無腦屎係無恁簡單个事你到今還看毋真
F0060001A2017_195_07,兩隻禮拜第一類分類兩團亼好个粄粹
F0060001A2017_196_07,一日三餐兩點心總統一任係四年兩擐粽仔
F0060001A2017_197_07,鐘聲一響學生仔緊拚拚仔行入教室準備上課
F0060001A2017_198_07,這屋仔正兩棧樓定定分粄仔摎人分飯食
F0060001A2017_199_07,天光日幾多儕會來過無幾久阿美就愛嫁咧
F0060001A2017_19_07,剷草喫甘蔗舂米攝起來啞仔鼻塞塞
F0060001A2017_1_07,床頭吵床尾和
F0060001A2017_200_07,阿姆逐禮拜去學插花講著食哦佢打第一
F0060001A2017_20_07,桊耳刺波仔杈椏芥藍菜糙米荷蘭豆
F0060001A2017_21_07,茭筍楓樹仔枸薑蝦公夾田豆菜仁仔
F0060001A2017_22_07,秥米雄雞仔竹笐雞公髻胞衣雞僆仔
F0060001A2017_23_07,箅仔火爐堆斧頭褲襠底茶壽褲帶仔
F0060001A2017_24_07,草蓆熨衫褲擔竿勼帶仔刀石金手鈪
F0060001A2017_25_07,彈鋼琴打鼓仔合唱團一齣戲打野球
F0060001A2017_26_07,排球課打乒乓碩士班數學課體育課
F0060001A2017_27_07,寄信仔駛轎車食尾牙一幅畫第五屆
F0060001A2017_28_07,九公尺一公分一坵田一群人一落碗
F0060001A2017_29_07,講毋會煞繫皮帶仔貼門對仔一條牙膏
F0060001A2017_2_07,好兄弟明算帳
F0060001A2017_30_07,盆頭缽仔一支鎖匙戴手袖仔一隻暖壺
F0060001A2017_31_07,擎钁頭剷草電火扚著來手分門夾著
F0060001A2017_32_07,梅花係國花滿山个芒花出去遶光景
F0060001A2017_33_07,天時恁熱出去晒會熱著
F0060001A2017_34_07,鏡仔跌到地泥項必忒吔
F0060001A2017_35_07,佢生來靚靚仔算異耐看
F0060001A2017_36_07,李仔酸合澀食吔胃糟糟
F0060001A2017_37_07,緊講話又緊掞腳當無禮貌
F0060001A2017_38_07,過目關哩針線空就桊毋過
F0060001A2017_39_07,在𠊎印象肚佢對人當好
F0060001A2017_3_07,四月寒八月旱
F0060001A2017_40_07,係食著毋合肚个東西會噎酸
F0060001A2017_41_07,天頂个星宿恁多你識幾多粒
F0060001A2017_42_07,五月節鹿港有辦划龍船比賽
F0060001A2017_43_07,恁久無看著你高加異多哦
F0060001A2017_44_07,老弟用砂鐐同花盆个泥鋪平來
F0060001A2017_45_07,開賭場个頭家會抽頭分紅
F0060001A2017_46_07,間肚有老鼠仔老妹嚇到緊噭
F0060001A2017_47_07,𠊎對榴槤个印象當壞毋好食
F0060001A2017_48_07,佢係發性起來麼人个話都毋聽
F0060001A2017_49_07,這餅仔恁燥無傍茶吞毋落胲
F0060001A2017_4_07,前人種竹後人遮蔭
F0060001A2017_50_07,佢毋曉得使筷仔挾毋著菜來食
F0060001A2017_51_07,姐婆个大聲胲遠遠就聽得著
F0060001A2017_52_07,先生吂講佢就同課本掀好勢吔
F0060001A2017_53_07,佢對樓頂倒頭種跌下來異傷重
F0060001A2017_54_07,頭前出車禍車仔全在路項卡等
F0060001A2017_55_07,阿爸使媒人婆去阿碌伯屋下講親
F0060001A2017_56_07,過年貼門對做得增添兜仔喜氣
F0060001A2017_57_07,錢愛勻勻仔使毋好一到使淨淨
F0060001A2017_58_07,官兵捉強盜係細人仔好搞个遊戲
F0060001A2017_59_07,係講你肚飢你就先食無要緊
F0060001A2017_5_07,半夜㓾豬天光賣肉
F0060001A2017_60_07,佢兩儕鬥股愛開一間便利商店
F0060001A2017_61_07,有身妊个人愛多尞毋好忒過勞碌
F0060001A2017_62_07,紅毛泥屋頂係有必縫定著會漏水
F0060001A2017_63_07,大家無愛聲佢定定佢嗄陣陣腦上
F0060001A2017_64_07,這下尋頭路多少仔愛會講英語
F0060001A2017_65_07,佢係有經過這位成擺仔會入來坐
F0060001A2017_66_07,這下愛赴時間你行較遽兜仔好無
F0060001A2017_67_07,蘿蔔絲愛勻開來晒無斯晒毋會燥
F0060001A2017_68_07,阿伯公个字墨盡飽講四句隨口來
F0060001A2017_69_07,阿姊失戀該站仔在齋堂歇好久
F0060001A2017_6_07,天變一時人變一世
F0060001A2017_70_07,看著佢平安轉來大家就寬心吔
F0060001A2017_71_07,當久無落雨一哪仔都燥絲絲仔
F0060001A2017_72_07,這桌菜煮到無鹹無腥毋餳人食
F0060001A2017_73_07,無搭無碓分人罵心肚試著異委屈
F0060001A2017_74_07,佢兩儕當相好大家異看好這段婚姻
F0060001A2017_75_07,聽人講腎家毋砸个人較會腰骨痠軟
F0060001A2017_76_07,做麼个事情都共樣好頭好尾正圓滿
F0060001A2017_77_07,番豆麻仔黃豆仔總下做得打油
F0060001A2017_78_07,老屋當闊細人仔當好在該搞賭人尋
F0060001A2017_79_07,細人仔恁硬頸定著愛教正毋會學壞
F0060001A2017_7_07,好也一句壞也一句
F0060001A2017_80_07,在屋下𠊎座大下背還有三個老妹
F0060001A2017_81_07,你怕異會煮哦倈仔隻隻畜到恁大仙
F0060001A2017_82_07,佢生來當嫩相其實佢四十零歲吔
F0060001A2017_83_07,阿公在間肚歇睏老弟在廳下看電視
F0060001A2017_84_07,厥身高當堵好厥細人仔體重仰恁輕
F0060001A2017_85_07,佢當有才毋單淨會唱歌仔還當會做戲
F0060001A2017_86_07,這暑假過到當充實充實自家个能力
F0060001A2017_87_07,辦這活動當有意義厥女朋友優點異多
F0060001A2017_88_07,佢兩姊嫂長透意見相反銃子用忒哩
F0060001A2017_89_07,犯重罪饒赦毋得佢當輒去人屋下白食
F0060001A2017_8_07,客來莫寒酸客走鹹菜湯
F0060001A2017_90_07,後生人最驚老人家噥巴掌嫲盪啊過去
F0060001A2017_91_07,舊曆七月該下異多寺廟會辦普渡活動
F0060001A2017_92_07,佢做生理失敗吔目𥍉𥍉仔異衰過
F0060001A2017_93_07,恁熱个天時還同窗門關揫揫會翕死哦
F0060001A2017_94_07,昨晡日行忒悿朝晨䟘床還撐腿撐腿
F0060001A2017_95_07,下晝頭正做事个人較少車枋就放冗咧
F0060001A2017_96_07,天時恁熱食一罐冰冰个涼水異舒爽
F0060001A2017_97_07,這品菜鼻起來香噴噴仔食起來無見奇
F0060001A2017_98_07,你逐擺都係講話無算數難怪會博人惱
F0060001A2017_99_07,阿明做事一還一二還二毋會烏白來
F0060001A2017_9_07,三人同一心黃泥變成金
F0060001D3017_10_07,看著恁大條个路埔麼个真到平平
F0060001D3017_11_07,大茶細茶乜毋係過了少个拖拉庫
F0060001D3017_12_07,難得看著偏僻个山路有人行望啊叭叭大嫲聲
F0060001D3017_13_07,跈等尋轉新行路个人會著驚愛轉去收驚
F0060001D3017_14_07,單硬个爺哀叔公帶到這品个大山頂無結好晾
F0060001D3017_16_07,緊工時節換工又乜串飯食定定
F0060001D3017_17_07,無錢好轉屋淨菜番薯自家做無米又無錢
F0060001D3017_18_07,大人油鹽項項愛現金阿姆畜著幾隻雞仔乜愛擎下山
F0060001D3017_19_07,過河壩行過這條黃泥石粒肚擔竿一頭兩隻雞仔
F0060001D3017_1_07,該日特別行一轉家鄉个大路對山頂溜下來
F0060001D3017_20_07,路頭又圓辛苦哦行點過中正會到街項
F0060001D3017_21_07,唱等燈仔又緊比个枝仔
F0060001D3017_22_07,實在賣無兩點心跈等就愛聽米買油鹽㧡轉山頂
F0060001D3017_23_07,圓身又無半銑錢畜正成年大个雞仔換無佢兜明
F0060001D3017_24_07,保番薯摎飯个日仔又乜恁樣過係到大山背个人
F0060001D3017_25_07,正經苦到屙痢肚跈等大路緊行行幾下公里
F0060001D3017_26_07,無堵著半儕人衰過个爺哀該央時寒天冷颼颼
F0060001D3017_27_07,熱天當熱來係仰般哪過來
F0060001D3017_28_07,畜大一層比種擐還較大擐个子女
F0060001D3017_29_07,好得爺哀想較長為著子女个錢途幾十年前煞煞賣忒山欸
F0060001D3017_2_07,過一粄球這粄窮毋知本大水打忒幾多擺頭擺用枋仔聽
F0060001D3017_30_07,舊屋無合準搭秤頭上正安到肚屎歇𠊎兜手教友
F0060001D3017_31_07,毋使再過㧡擔開聲做苦事毋過今晡日日頭還難哪
F0060001D3017_32_07,晒到歸主人會燥忒去閒行得著街項歸路仔有田坵竹園
F0060001D3017_33_07,就係無半間屋連一踢行到兩隻腳會斷忒
F0060001D3017_34_07,還看毋著有人屋仰結煞正好哪這條大路仰會恁長
F0060001D3017_35_07,淨問天空這條路敢做得透到臺北
F0060001D3017_36_07,恁久來逐暗晡个落雨聲總係像躁光个細人仔
F0060001D3017_37_07,在𠊎半睡半醒个夢中噦噦嘶嘶串上串下
F0060001D3017_38_07,無一也有好恬靜恬靜睡目想起頭擺人聽著雨打芭蕉个聲音
F0060001D3017_39_07,心肝肚就愁愁慮慮𠊎這下還聽著水打在水篷頂
F0060001D3017_3_07,當遽就門忒下後用紅毛泥又承大水打壞忒
F0060001D3017_40_07,叮叮咚咚淅淅錫錫个聲音吵到人日夜煩躁食睡毋安
F0060001D3017_41_07,比較起來𠊎還係較羨慕古人夜夜落雨就算欸
F0060001D3017_42_07,連日時頭天一光擘開目珠就看著滿天个烏烏暗
F0060001D3017_43_07,聽著个本本係博人惱个水聲心情跈等就慍悴起來
F0060001D3017_44_07,在這又溼又冷个天時出門上班上學一路塞車
F0060001D3017_45_07,為著赴時間大家就少忒耐心
F0060001D3017_46_07,叭叭个喇叭聲響無停
F0060001D3017_47_07,弄上弄下个奧多拜危危險險一下無細義
F0060001D3017_48_07,還會分路過个車仔洩到一身泥漿水
F0060001D3017_49_07,天時毋好心情跈等毋好大家完全失忒好天時个平靜摎忍讓
F0060001D3017_4_07,正好又壞忒又頂該下頭過來係一條黃泥石个大路
F0060001D3017_50_07,雨漚無停𠊎心肚盡痛个係原本屋前屋後開到鬧鬧靚靚个玫瑰
F0060001D3017_51_07,海同櫻花分水涿到溚溚跌實在還打爽
F0060001D3017_52_07,毋過最難為个還係婦人家因為漚雨衫晾到無位仔好晾
F0060001D3017_53_07,一屋溼溼溚溚拚掃也毋方便細人仔日日關在屋下
F0060001D3017_54_07,拐就拐毋核實在辛苦老人家本來在冷天時做得出去晒晒日頭
F0060001D3017_55_07,打嘴鼓這下因為漚雨僅可坐在屋下啄目睡
F0060001D3017_56_07,乜當毋管盡得人畏个還係菜錢青菜因為漚雨綿忒
F0060001D3017_57_07,動啊著就起幾下倍水果乜係貴參參仔買毋落手
F0060001D3017_58_07,生理人也怨怪冷颼颼个落雨天打狗就毋出門
F0060001D3017_59_07,生理難做啊逐儕就想這雨到底愛漚到幾時好停哩
F0060001D3017_5_07,想著頭擺阿爸打插腳對山頂排歸伯公个火焰蟲行這條路个神投仔
F0060001D3017_60_07,有一日本本係落雨天𠊎擎等遮仔跔等頸筋出門
F0060001D3017_61_07,看有眼滿地个落花心情就像這天時恁毋好
F0060001D3017_62_07,無想著火車經過莊下時一片青溜溜个田餳著𠊎个眼光
F0060001D3017_63_07,食落去个樣仔隻隻精神百鼻過等頭享受一水个滋運
F0060001D3017_64_07,一陣風吹來個個在水中歡喜跳等芭蕾看著這光景
F0060001D3017_65_07,𠊎正分醒天下事總有兩面
F0060001D3017_66_07,有力就有弊有得就有色又圓就有缺
F0060001D3017_67_07,毋好總係用自家个立場來看萬事萬物
F0060001D3017_68_07,漚雨漚到你就會生菇囉儕儕堵著就恁樣喊
F0060001D3017_69_07,毋過𠊎這下學會轉換𠊎个心情在用漚雨清閒个時節
F0060001D3017_6_07,天時四月汗流脈落摎阿爸摘到有閒尞阿姆腳短短人晒
F0060001D3017_70_07,恬下心來放慢腳步用音樂書本摎咖啡清茶來配合雨水个節奏
F0060001D3017_71_07,也學會打開心胸接受落花變做春泥護花个多情
F0060001D3017_72_07,還學會欣賞落雨天種種个詩情畫意
F0060001D3017_7_07,該係歸伙房盡會做个婦人家阿姆當然在這條大路㧡等茶米
F0060001D3017_8_07,香遊遊野个擔頭
F0060001D3017_9_07,用親春換來一屋下大細个燒暖今晡日
F1280001A2144_100_07,這大鑊較少用同佢上上去棧仔項係愛用正拿下來
F1280001A2144_101_07,這事業毋知做得無來去廟項抽籤卜卦請示一下神明
F1280001A2144_102_07,阿叔講會轉來過年圍爐吔還無看著人𠊎看斯難講哦
F1280001A2144_103_07,佢當想做阿公心臼還吂得時降子雞子就先畜等來
F1280001A2144_104_07,燒燒个馬膠愛用石輪仔輾啊過大路正毋會礫礫矻矻
F1280001A2144_105_07,阿輝比猴精較精看佢無異煞猛儘採罅罅啊食著就有吔
F1280001A2144_106_07,莊頭項臨暗仔來兩個高長大漢个人毋知愛來做麼个
F1280001A2144_107_07,這皮包仔恁細仔定定分你弓到飽飽裡背敢有幾下百萬
F1280001A2144_108_07,打球過歸身汗一定愛洗身正毋會歸身仔臭汗酸
F1280001A2144_109_07,這條數愛到月半邊仔無就下隻月初仔正有好收
F1280001A2144_10_07,好貨無便宜便宜無好貨
F1280001A2144_110_07,阿尚哥个雜貨店歸日仔人客出出入入生理還好哦
F1280001A2144_111_07,清海嫂聽著妹仔會降吔企坐毋核遽遽逐到醫院項去
F1280001A2144_112_07,係照厥公司个規模來講略下仔蝕本還毋會橫忒正著
F1280001A2144_113_07,當多人到鄉公所申請紓困補助金公務員搣到無閒洎杈
F1280001A2144_114_07,你遽啊去尋正當个頭路來做毋好歸日仔呻生呻死呻無錢
F1280001A2144_115_07,阿爸聽講老弟考著理想个學校寬容笑面暢到耐毋得
F1280001A2144_116_07,早早就同你講過你就毋信這下錢分人騙淨淨愛仰結煞
F1280001A2144_117_07,拚死拚命做事賺个錢拿去賭徼輸淨淨正經係無採工
F1280001A2144_118_07,愛老妹認真讀書佢聽毋入耳等佢尋頭路該下正知死
F1280001A2144_119_07,就係該隻偷東西个賊仔𠊎看真真絕對毋會認毋著
F1280001A2144_11_07,良言一句三冬暖惡語傷人六月寒
F1280001A2144_120_07,阿姆煮个菜嫌毋得哦係分佢聽著佢斯會面臭臭仔
F1280001A2144_121_07,臺北捷運个人逐日來來去去就像泥竇肚个蟻公出出入入
F1280001A2144_122_07,見擺上音樂課阿偉就坐在角角怕係驚先生點佢唱歌仔
F1280001A2144_123_07,七坐八爬九生牙細人仔撚啊撚仔毋多知仔就恁大吔
F1280001A2144_124_07,厥心臼舊年正討入門今年就降一個倈仔還有福氣哪
F1280001A2144_125_07,頭家走路愛手腳下同佢𢯭捽屎胐正經有罅見笑哪
F1280001A2144_126_07,有兜事情實在難講穩穩有把扼成半下仔會有意外啊
F1280001A2144_127_07,這擺个合作八字吂有一撇還愛過談正會知有成無
F1280001A2144_128_07,寒天來吔阿婆个腳膝頭又會咻咻咻咻痛到睡毋得
F1280001A2144_129_07,阿明嫂異會理家屋下內內外外全部整理到伶伶俐俐
F1280001A2144_12_07,兄弟分家成鄰舍上晝分家下晝借
F1280001A2144_130_07,海脣風恁大你又講無停係食著海風轉去會失聲
F1280001A2144_131_07,厥哥做水果个大賣生理厥屋下食水果多多少少有好打幫
F1280001A2144_132_07,頭擺做兵時節个伙頭軍係山東人佢亼个饅頭盡好食
F1280001A2144_133_07,該隻朗讀比賽打頭名个細妹仔當會牽聲念到當好聽
F1280001A2144_134_07,你毋好想講有錢就好食懶做係無斯會分人笑係公子阿舍
F1280001A2144_135_07,這事頭本底係阿貴負責个佢退休過後就換阿光來接手
F1280001A2144_136_07,齋菜張好該蓋仔愛合轉去正毋會壞忒
F1280001A2144_137_07,這細人仔動啊著就嘴嘟鼻翹盡毋得人惜
F1280001A2144_138_07,你恁大聲唱華卡拉OK下屋人都試著異吵鬧
F1280001A2144_139_07,這間店仔賣个東西便宜值食故所生理當好
F1280001A2144_13_07,前世無修倈仔準心臼
F1280001A2144_140_07,在外背生活愛學精兜仔正毋會分人騙
F1280001A2144_141_07,佢分同學用球仔擲著鼻龍峎出當多鼻旺仔
F1280001A2144_142_07,用細心細意个態度做事情較毋會有所爭
F1280001A2144_143_07,佢一路里來就當懶骨喊佢做事佢甘願犁凳板
F1280001A2144_144_07,千差萬差都𠊎毋著你無毋著恁仔做得無
F1280001A2144_145_07,看佢眼晶晶仔聽人講話看起來當精个樣仔
F1280001A2144_146_07,一隻國家仔經濟建設盡驚官商勾結作弊
F1280001A2144_147_07,細阿哥仔轉骨吔搶食胲看起來加較顯明
F1280001A2144_148_07,做毋著就準學經驗做得教精人也係拗蠻好了
F1280001A2144_149_07,你直直落行到底過後斡右手片就係厥間房
F1280001A2144_14_07,肥田禾瘦田穀
F1280001A2144_150_07,落大雨屋頂水緊漏去拿一隻桶仔來承水
F1280001A2144_151_07,細嬰兒仔雖然有多少仔臭乳臊毋過盡得人惜
F1280001A2144_152_07,該兜人豚仔當豺三不二時就打冰箱尋食
F1280001A2144_153_07,頭擺莊項有三間精米所這下伸著一間定定
F1280001A2144_154_07,阿姆當當在該煮飯過五分鐘正打來做得無
F1280001A2144_155_07,老弟對歷史當有興趣不時看名人个傳仔
F1280001A2144_156_07,年會到吔屋下毋會用著个東西總總抨抨忒去
F1280001A2144_157_07,細人仔發豬嫲瘵目吊吊愛遽遽送去醫院
F1280001A2144_158_07,你想愛在該沙壩來打極樂仔該就無恁容易
F1280001A2144_159_07,這幾日个天時無正常溫度高又過起燒風
F1280001A2144_15_07,天變一時人變一世
F1280001A2144_160_07,虐毛蟲个毛會虐人愛細義毋好分佢蜒著
F1280001A2144_161_07,看佢行路腳跛跛原來係坐忒久腳痺忒吔
F1280001A2144_162_07,這片變當多恁久無來一下仔尋無方向
F1280001A2144_163_07,駛車仔行山路歸路仔彎彎斡斡人坐到暈暈
F1280001A2144_164_07,這朳仔看起來好頭好面毋過裡肚全綿忒
F1280001A2144_165_07,阿明係單丁子為著愛傳代異早就結婚吔
F1280001A2144_166_07,阿姆講暗昏咧遽啊同雞仔逐轉雞塒
F1280001A2144_167_07,畜个大細若係煞猛增志斯係屋家个福氣
F1280001A2144_168_07,打無名个人還有安慰獎好拿還算罔罔仔
F1280001A2144_169_07,鐘聲一響學生仔緊拚拚仔行入教室準備上課
F1280001A2144_16_07,吂到冬節先挼圓三十暗晡喊無錢
F1280001A2144_170_07,你長透同佢托核佢識打一隻燒屁卵分你食無
F1280001A2144_171_07,看你恁久殗殗無半息雄頭係毋係有哪爭差
F1280001A2144_172_07,菜脯晒到燥水吔愛入到玻璃盎仔項保存
F1280001A2144_173_07,該老人家臭耳聾聽毋著講話乜吓吓砰砰
F1280001A2144_174_07,滿子正入學還毋慣𠊎䟓䟓去學校看一下
F1280001A2144_175_07,學生仔愛照時間去學校讀書做毋得儘採輟學
F1280001A2144_176_07,這手鈪係當有紀念性个毋係戴來看靚呢
F1280001A2144_177_07,今晡日莊項做鬧熱阿姆㓾雞捋鴨來款待人客
F1280001A2144_178_07,該狗仔正洗啊好又碾地泥碾到屙屙糟糟
F1280001A2144_179_07,阿伯姆生來福相福相看著異好命个樣仔
F1280001A2144_17_07,人係生成鬼係話成
F1280001A2144_180_07,佢兩儕人係共娘胞胎難怪面貌仔恁相像
F1280001A2144_181_07,肥湯炆筍乾抑係拿來煲湯通體當好食
F1280001A2144_182_07,會有幾多儕人來𠊎乜算毋著毋罅坐正講
F1280001A2144_183_07,頭前有賣雜細个店你做得在該買愛用个東西
F1280001A2144_185_07,佢一哪仔去同人做小工來畜大一群大細
F1280001A2144_186_07,仰會恁衰過正得細人仔無半愛同你講話
F1280001A2144_187_07,看你使钁頭个勢面一廂番薯兩下半就改好吔
F1280001A2144_188_07,阿如當驚狗仔遠遠看啊著就走到尾瀉屎
F1280001A2144_189_07,這件事情𠊎無法度主意愛問主事人正較準
F1280001A2144_18_07,寧賣祖宗田不忘祖宗言寧賣祖宗坑不忘祖宗聲
F1280001A2144_190_07,操場今晡日鬧熱煎煎原來係借人辦運動會
F1280001A2144_191_07,外背落雨又冷颼颼仔無必要就莫出去哪
F1280001A2144_192_07,像今晡日這種半寒熱个天時做田事最好
F1280001A2144_193_07,佢日日就在街項亍上亍下難怪尋無頭路
F1280001A2144_194_07,該隻後生人講佢毋得一下仔就面𢳆面竵
F1280001A2144_195_07,人講腳囊肚係人第二粒心臟愛好好保養
F1280001A2144_196_07,佢屋下有大鑊毋過罕得出火煙還打爽
F1280001A2144_197_07,竹篙毋好打直凴壁放打平放正毋會橫下來
F1280001A2144_198_07,這係今年挷个新番豆正炒啊著你先嗒看啊
F1280001A2144_199_07,厥這身西裝係同裁縫師傅定做个特別合身
F1280001A2144_19_07,小人報冤三日君子報冤三年
F1280001A2144_1_07,三人同一心黃泥變成金
F1280001A2144_200_07,該隻夭壽子食吔酒還敢駛車仔無愛命正得
F1280001A2144_201_07,佢當會拂釣梹一拂蠶絲線就㩆幾下丈遠
F1280001A2144_202_07,後生人面皮恁賁好手好腳還敢同人討錢
F1280001A2144_203_07,該當愛繳个錢還係較早一息仔繳繳啊正好
F1280001A2144_204_07,頭一擺去人屋下拜訪愛帶等路正毋會失禮數
F1280001A2144_205_07,蝦公夾當賤毋使幾久就生到一哪仔就係
F1280001A2144_206_07,後生毋學到老吔正來學吹笛仔毋會忒慢喺
F1280001A2144_207_07,離開屋下幾下日無看著親人就會心焦
F1280001A2144_208_07,佢過年前有來吾店項下後就無過看著吔
F1280001A2144_209_07,做人愛知規矩毋好無大無細毋知分寸
F1280001A2144_20_07,有錢親阿哥無錢死孤盲
F1280001A2144_210_07,正擎一包米定定就緊敨大氣飼料雞樣仔
F1280001A2144_21_07,為著屋下大細个食著佢拚命賺錢
F1280001A2144_22_07,從細看佢就濞流流仔大吔放恁靚
F1280001A2144_23_07,食過東西愛洗嘴正毋會蛀牙
F1280001A2144_24_07,過年貼門對做得增添兜仔喜氣
F1280001A2144_25_07,日時頭外背當光愛使開電火
F1280001A2144_26_07,若聲愛降低兜仔無會吵著人睡目
F1280001A2144_27_07,佢肚當飢一碗飯兩口仔就咈淨淨
F1280001A2144_28_07,熱天當翕側膁下把仔會發熱痱仔
F1280001A2144_29_07,好好一隻人公仔分佢搣到壞壞
F1280001A2144_2_07,嫁雞跈雞飛嫁狗跈狗走
F1280001A2144_30_07,看佢出手行頭就知係練武个人
F1280001A2144_31_07,佢囥在門後背䀯等按算愛捉賊仔
F1280001A2144_32_07,今年个柑仔大出價數也異好
F1280001A2144_33_07,厥頭路做異大日仔過到異無閒
F1280001A2144_34_07,這自行車恁高等你較大正做得騎
F1280001A2144_35_07,𠊎當講等電話請等一下仔
F1280001A2144_36_07,皺毛仔做得省一條電頭那毛个錢
F1280001A2144_37_07,朝晨公車項都係淰淰个人當尖車
F1280001A2144_38_07,無用个東西就好擲忒留等做麼个
F1280001A2144_39_07,佢係泥水師傅專門同人起屋
F1280001A2144_3_07,買賣算分相請無論
F1280001A2144_40_07,有閒就先做便愛用該下跈等就有
F1280001A2144_41_07,佢係有經過這位成擺仔會入來坐
F1280001A2144_42_07,姐婆个大聲胲遠遠就聽得著
F1280001A2144_43_07,有錢人派頭恁粗做細生日就辦桌
F1280001A2144_44_07,佢識中風過故所正會嘴竵竵
F1280001A2144_45_07,天時恁好被骨拿去外背拔拔啊
F1280001A2144_46_07,聽著你恁仔講厥心肚發閼歸半日
F1280001A2144_47_07,天時恁熱請同電扇𢳆轉來
F1280001A2144_48_07,鹹魚仔鹹丟丟仔傍飯毋好傍恁粗
F1280001A2144_49_07,廟項辦活動共下來去𢯭鬧熱
F1280001A2144_4_07,公不離婆秤不離砣
F1280001A2144_50_07,仰有法度歸日仔在屋下全毋出去
F1280001A2144_51_07,這係佢兩儕之間个問題你毋好插
F1280001A2144_52_07,佢兩儕係雙生仔難怪生到恁相像
F1280001A2144_53_07,熱天汗出較多當會發熱痱仔
F1280001A2144_54_07,新娘看起來當後生怕二十歲定定
F1280001A2144_55_07,天時多變化愛著較燒暖兜仔
F1280001A2144_56_07,你想愛降服這隻獅仔怕無恁該喲
F1280001A2144_57_07,頭家盡中意做事有頭有尾承勞仔
F1280001A2144_58_07,阿姆去街項半晝邊仔就會轉來
F1280001A2144_59_07,做大水過河壩水啵啵滾拚等出
F1280001A2144_5_07,得人錢財為人消災
F1280001A2144_60_07,佢兜一屋下人靠厥爸食月給過日仔
F1280001A2144_61_07,佢毋曉得使筷仔挾毋著菜來食
F1280001A2144_62_07,嬰兒仔在該睡目講話莫恁大聲
F1280001A2144_63_07,今晡日愛展出个係佢打拚个成果
F1280001A2144_64_07,風搓會來吔阿公鋸忒幾下桍樹桍
F1280001A2144_65_07,愛多運動正毋會分人喊做病丁仔
F1280001A2144_66_07,寒天時分人扚耳公試著加異痛
F1280001A2144_67_07,豬肉切薄薄仔燙一下仔就做得食
F1280001A2144_68_07,佢賣个蜂糖盡純正無摻半息砂糖
F1280001A2144_69_07,阿順做人當失敗無人愛同佢共組
F1280001A2144_6_07,敢擎獅頭愛曉得弄
F1280001A2144_70_07,鉛筆盒仔有恁多種你自家擇
F1280001A2144_71_07,佢生來矮細罔矮細毋過力頭異大
F1280001A2144_72_07,教師節放尞係為著紀念孔子
F1280001A2144_73_07,入去便所前愛先搉門正有禮貌
F1280001A2144_74_07,因爭電火吂開故所間項烏疏疏仔
F1280001A2144_75_07,這隻月愛用著錢𠊎愛去標會仔
F1280001A2144_76_07,係同先生打白講佢毋會處罰你
F1280001A2144_77_07,阿公留下來个田這下無人耕種咧
F1280001A2144_78_07,恁久無落雨河壩水位降低異多
F1280001A2144_79_07,入廟項添香油多多少少隨人心意
F1280001A2144_7_07,千跪萬拜一爐香毋當生前一碗湯
F1280001A2144_80_07,這斯無恁該做莫恅著恁簡單
F1280001A2144_81_07,佢決心想辭頭路麼人乜攔毋核
F1280001A2144_82_07,厥屋下當發麼个就買最好个
F1280001A2144_83_07,佢同索仔糖對拗一截請𠊎食
F1280001A2144_84_07,景氣毋好當多店仔連連續續倒店
F1280001A2144_85_07,這隻月無賺錢乜無了錢打平過
F1280001A2144_87_07,聽著係毋使錢吔大家相賽去參加
F1280001A2144_88_07,食吂得个柑仔就摘來食豺牯正得
F1280001A2144_89_07,世細服侍世大人係天公地道个事情
F1280001A2144_8_07,阿公毋做做人个孫仔
F1280001A2144_90_07,厥婆過身了後佢歸隻人反性歸日仔面北北全無笑面
F1280001A2144_91_07,歸班仔都在該睡當晝你行路愛輕手輕腳莫吵著人
F1280001A2144_92_07,有兜好額人從細三兩重就毋動故所這下麼个就毋會
F1280001A2144_93_07,今晡日事頭正做到半爛燦仔定定天光日繼續做忒佢
F1280001A2144_94_07,退休閒閒有成時屋下个事做加做減身體動動啊乜好
F1280001A2144_95_07,三揀四揀揀著一隻賣牛眼三擇四擇擇著一隻賣瓠杓
F1280001A2144_96_07,佢做人做事盡會擎順風旗對所有个事情全部無主無意
F1280001A2144_97_07,這頭樹仔發蟲正洩藥仔愛圍起來毋好分人行兼去
F1280001A2144_98_07,做壞事會受著法律个制裁嚴重个時節可能愛坐囹仔
F1280001A2144_99_07,頭擺个布做衫異毋耐著窮人長年透天著到爛擐爛擐
F1280001A2144_9_07,做官清廉食飯傍鹽
F1280001D3144_10_07,一屋下人共下為等遠著挼粄圓个話面
F1280001D3144_11_07,到今還較在𠊎兜个腦殼裡肚
F1280001D3144_12_07,還細時節巴掌嫲還吂有完全細細隻个手巴掌
F1280001D3144_13_07,淨做得挼一粒兩粒粄圓
F1280001D3144_14_07,有成時兩粒還會黏到共下噥到變異大粒
F1280001D3144_15_07,遽遽又愛摎佢分開來噥過𠊎準備吾兩个阿姊
F1280001D3144_16_07,手巴掌毋會比𠊎較大毋過佢兜都做得一擺兩四粒粄圓
F1280001D3144_17_07,挼到一粒一粒遠遠平平恁雲大實在當沙鼻哦
F1280001D3144_18_07,成擺仔吾姆會同粄糰念兜仔大紅
F1280001D3144_19_07,無就放兜仔摘過欸番薯共下亼
F1280001D3144_1_07,寒豐富滾緊吹雪雨索索滾緊落
F1280001D3144_20_07,亼出紅色黃色吊菜色个粄糰斷做一截一截
F1280001D3144_21_07,挼就一粒粒紅色黃色調菜色粄圓
F1280001D3144_22_07,同白雪个粄圓放到共下加添色目十碗打眼
F1280001D3144_23_07,挼粄圓愛放分佢較燥水兜仔正做得收起來落鑊
F1280001D3144_24_07,逐年愛煮來食過該時節就愛當注意
F1280001D3144_25_07,好比粄圓个暗晡頭愛用大格欸就用腳過吔
F1280001D3144_26_07,糖仔正會香正有好味緒食罐阿姆就會粄圓
F1280001D3144_27_07,阿姆煮粄圓放入尞正係真功夫有放落去
F1280001D3144_28_07,下輩仔三層肉切片香菇切片風頭辣椒仔
F1280001D3144_29_07,加兜仔影共下放熟壁香
F1280001D3144_2_07,恁冷天時你想食麼个
F1280001D3144_30_07,挼粄圓分佢燥水過放映水裡肚等到拋拋滾
F1280001D3144_31_07,一粒一粒仔粄圓在本水面項瓠棚仔
F1280001D3144_32_07,就好兜到湯裡肚配料落落下去再煮分佢滾來
F1280001D3144_33_07,年菜芹菜放落去該吔繫好火毋見忒就做得撿碗筷
F1280001D3144_34_07,準備好食哩喲在這天時恁冷个時節食一碗燒燒个粄圓
F1280001D3144_35_07,做得燒暖自家上帝个手腳做得燒暖自家圓身
F1280001D3144_36_07,愐著從細到大𠊎兜姊妹仔同阿姆共下挼粄圓
F1280001D3144_37_07,共下十年个景心肝肚實在當燒暖哦
F1280001D3144_38_07,去到一個生份个所在一般你會先去哪位遶呢
F1280001D3144_39_07,𠊎好去尋該位市場來逛
F1280001D3144_3_07,𠊎就想食一碗阿姆就會燒燒粄圓
F1280001D3144_40_07,不管係超級市場還係傳統市場都好
F1280001D3144_41_07,做得感受一下仔當地个生活人情
F1280001D3144_42_07,乜做得摎自家生活經驗做一個聯想
F1280001D3144_43_07,像在沙巴傳統市場看著人賣紅田烏仔青草仔
F1280001D3144_44_07,會想起自家還細時節在石頭項捶尖尾鳳呸口涎水
F1280001D3144_45_07,自家跌倒自家膏个生活經驗在東京个超級市場
F1280001D3144_46_07,看著漫畫女主角好食个海菜零嗒煞手就先買一盒來含
F1280001D3144_47_07,該又鹹又酸到人牙研目皺還做得食到會願个味緒
F1280001D3144_48_07,無試个人仰得知
F1280001D3144_49_07,係講去在臺灣𠊎會䟓䟓駛車仔去逛个市場
F1280001D3144_4_07,燒暖自家上帝个手腳燒暖自家个圓生
F1280001D3144_50_07,就係關西鎮个新農民市場因為佢對關西交流道溜啊行
F1280001D3144_51_07,成公里仔就到欸交通算已方便
F1280001D3144_52_07,還過離𠊎係食桃園也毋會盡遠
F1280001D3144_53_07,仙草係關西盡出名乜係全臺灣產量盡多个青草仔
F1280001D3144_54_07,厥加工廠就在這市場个後背
F1280001D3144_55_07,市場裡肚寒天有燒燒个熱天有涼涼个仙草茶好啉
F1280001D3144_56_07,人客自由渟毋使錢
F1280001D3144_57_07,故所不管係在冷颼颼个寒天還係喊燒火烈个熱天
F1280001D3144_58_07,行入市場裡肚除忒有現代化空調分人鬆爽
F1280001D3144_59_07,還有頭擺人在路脣奉茶結緣个人情味
F1280001D3144_5_07,從細到大逐擺阿姆愛水粄仔个時節
F1280001D3144_60_07,䟓䟓駛車仔去到該位
F1280001D3144_61_07,單淨啉毋使錢个仙做茶該就戇哩市場裡肚
F1280001D3144_62_07,有已多客家味緒个豆乾蘿蔔乾筍乾
F1280001D3144_63_07,乜有一般个雜貨糖果還有泡个煮仔啉个食个仙草產品
F1280001D3144_64_07,菜架仔項个青菜貼等生產者个名姓摎農產品个生產履歷
F1280001D3144_65_07,除忒一般人家輒食个青菜還有正摘起來豬嫲乳草
F1280001D3144_66_07,萋萋蝶豆花都已餳人看這片農家人生產个農產品
F1280001D3144_67_07,做得拿到這農會市場裡肚代銷
F1280001D3144_68_07,乜做得直接在外背擺攤仔直銷
F1280001D3144_69_07,現代摎傳統在這位交融還做得認識已多新時行个農產品
F1280001D3144_6_07,就會錢喊𠊎兜姊妹仔𢯭手挼粄圓
F1280001D3144_70_07,𠊎見擺都遶到當興頭
F1280001D3144_71_07,新農民市場个農產品也有新觀念新做法
F1280001D3144_72_07,像頭擺人愛挷愛晒愛煲過正用得个狗貼耳
F1280001D3144_73_07,現下就用機器來焙燥打包仔做到一盒盒仔
F1280001D3144_74_07,做得像泡茶恁樣來泡深山肚正看得著个大號老鴉胗籽
F1280001D3144_75_07,也有說明書教你仰仔來刮痧還講因為佢个傳熱性較鈍
F1280001D3144_76_07,係講用手緊挲佢就會變燒燒到會熝人故所又安到電豆
F1280001D3144_77_07,市場外背婦人家老伯姆仔賣自家晒个鹹淡
F1280001D3144_78_07,自家種个青菜摎果子乜係一包包仔都裝到拶腹實落
F1280001D3144_79_07,逛一轉市場做得看著
F1280001D3144_7_07,妹仔委在圓桌脣項阿姆摎妹仔好摘燥个農米團
F1280001D3144_80_07,歇在深山肚細人仔正拈著來搞个大嫲粒仔豆仁仔
F1280001D3144_81_07,做得尋著原旦老農業个味緒乜做得看著緊來緊進步个新農業
F1280001D3144_82_07,正經還好哪𠊎總係擐到大包細包轉擐轉淰淰个生活人情
F1280001D3144_83_07,乜感受著已多新式摎老式耕種人个生活經驗
F1280001D3144_8_07,緊尋緊斷斷一細截一細截放到無完粄面項
F1280001D3144_9_07,𠊎兜精妹仔搶等同斷好个粄糰拈起來呢
F1320001A2174_100_07,歸班仔都在該睡當晝你行路愛輕手輕腳莫吵著人
F1320001A2174_101_07,歸隻暑假都走到海脣沙埔項搞當然晒到歸身烏金金仔
F1320001A2174_102_07,年下仔家家屋屋愛拚掃愛辦年貨大家都無閒洎杈
F1320001A2174_103_07,恁多歲吔做毋得過像頭擺恁仔無打無算爺哀斯會愁哦
F1320001A2174_104_07,阿明這擺考試打頭名佢就沙鼻摝天一哪仔同人講
F1320001A2174_105_07,你毋好想講有錢就好食懶做係無斯會分人笑係公子阿舍
F1320001A2174_106_07,阿福牯來屋下坐歸晝邊仔臨將愛走吔正講想來招保險
F1320001A2174_107_07,大家尞等好好講兩句仔佢毋中意聽个話佢就掣等走
F1320001A2174_108_07,該隻賊仔偷東西警察吂到佢就對後門出走俐俐
F1320001A2174_109_07,七坐八爬九生牙細人仔撚啊撚仔毋多知仔就恁大吔
F1320001A2174_10_07,看戲愛知戲文大意做人愛識人情義理
F1320001A2174_110_07,退休閒閒有成時屋下个事做加做減身體動動啊乜好
F1320001A2174_111_07,這皮包仔恁細仔定定分你弓到飽飽裡背敢有幾下百萬
F1320001A2174_112_07,媽祖生該日異多外國人入莊隨俗跈等祭拜求平安
F1320001A2174_113_07,寒天來吔阿婆个腳膝頭又會咻咻咻咻痛到睡毋得
F1320001A2174_114_07,老古人講天長命短故所𫣆兜愛好好把扼每一日
F1320001A2174_115_07,賣化妝品个人盡會撓人人客个錢都煞猛摟摟出來同佢買
F1320001A2174_116_07,當多人到鄉公所申請紓困補助金公務員搣到無閒洎杈
F1320001A2174_117_07,臺北捷運个人逐日來來去去就像泥竇肚个蟻公出出入入
F1320001A2174_118_07,阿叔講會轉來過年圍爐吔還無看著人𠊎看斯難講哦
F1320001A2174_119_07,外背打雨毛冇吔晒在禾埕項个衫褲好遽遽去收入來
F1320001A2174_11_07,吂落雨先唱歌任落乜無多
F1320001A2174_120_07,喊你在屋下掌屋你還偷偷仔走出去毋驚阿姆發譴係無
F1320001A2174_121_07,這下刻印仔用機器較多手工刻个較少哩
F1320001A2174_122_07,人講腳囊肚係人个第二粒心臟愛好好保養
F1320001A2174_123_07,自行車毋好停在門口會徑杈著大家出入
F1320001A2174_124_07,有人講搭信會加話故所盡好係自家聯絡
F1320001A2174_125_07,若目珠歸日仔晟等手機仔毋驚會搣青瞑喺
F1320001A2174_126_07,該兜人豚仔當豺三不二時就打冰箱尋食
F1320001A2174_127_07,正三十歲面就皺皮皺皮看起來加異老
F1320001A2174_128_07,落雨過後細人仔在水窟涉水搣到鞋溼溼
F1320001A2174_129_07,在局勢混亂个時代梟雄輒輒會得著天下
F1320001A2174_12_07,冷水煮冷飯任煮毋會爛
F1320001A2174_130_07,畜个大細若係煞猛增志斯係屋家个福氣
F1320001A2174_131_07,操場今晡日鬧熱煎煎原來係借人辦運動會
F1320001A2174_132_07,阿哥行路肚挺挺仔像婦人家擐大肚樣仔
F1320001A2174_133_07,這牛乳粉愛摝勻正做得毋好分佢結歸矻仔
F1320001A2174_134_07,茶袋肚个茶青擲拶來還做得張加兜仔入去
F1320001A2174_135_07,一陣風吹來油桐花就叭叭跌當像落雪
F1320001A2174_136_07,阿明哥當知食愛去哪位聚餐問佢就知啦
F1320001A2174_137_07,恁熱个天先在樹下敨涼一下正行好無
F1320001A2174_138_07,肥湯炆筍乾抑係拿來煲湯通體當好食
F1320001A2174_139_07,去䟓䟓个阿啾箭緊同廳下看去个人打眼𧊅
F1320001A2174_13_07,上船毋講價下船惹惹杈杈
F1320001A2174_140_07,田項泥濫濫係漯落去無人拉起來就麻煩哩
F1320001A2174_141_07,頸根試著硬鉸硬鉸去分人推推啊會較鬆爽
F1320001A2174_142_07,佢一哪仔去同人做小工來畜大一群大細
F1320001A2174_143_07,下晝阿姆無在係肚飢就自家去灶下變食
F1320001A2174_144_07,樹頂个酸柑熟哩歸樹仔黃橙黃橙纜纜吊吊
F1320001A2174_145_07,佢做鐵工仔肚膁該片分鐵仔刮著緊出血
F1320001A2174_146_07,入門係看著一張臭屎面會虐削到企坐毋核
F1320001A2174_148_07,先生講佢生來恁幼秀可惜寫字恁潦草
F1320001A2174_149_07,阿文仔跌倒手腳毋單淨鑪溜皮還緊出血
F1320001A2174_14_07,吂到六十六毋好笑人大腳目
F1320001A2174_150_07,做壞事个人逐儕都惱難怪會分人罵短命子
F1320001A2174_151_07,該就堪毋得半角銀个東西仰使愛恁計較
F1320001A2174_152_07,有名个夜市生理當好一哪仔都烏麻攢濟
F1320001A2174_153_07,鹹菜對醃缸肚撈出來个時節愛先濾水一下
F1320001A2174_154_07,頭擺人賣魚仔用篾皮桊到一桊一桊仔賣
F1320001A2174_155_07,阿叔欠人錢逐日囥在屋肚驚人來討債
F1320001A2174_156_07,佢這人就係講毋會聽逐儕都對佢奈毋何
F1320001A2174_157_07,佢瘦夾夾仔手脛恁幼一捏就會斷樣仔
F1320001A2174_158_07,該隻新社區个樓屋起到連峨接棟當鬧熱
F1320001A2174_159_07,講个人講到口涎波潑聽个人聽到嘴勺勺仔
F1320001A2174_15_07,相罵莫襯言相打莫襯拳
F1320001A2174_160_07,佢做人承勞逐日準時上下班事頭輕鬆
F1320001A2174_161_07,阿伯正出院身體還弱弱毋好去做粗事
F1320001A2174_162_07,屋下人無恁多閒時間教你去學校問先生
F1320001A2174_163_07,佢看起來還恁砸身無想著恁遽就走忒吔
F1320001A2174_164_07,同佢冤家過後𠊎心肝頭拶拶當無爽快
F1320001A2174_165_07,𠊎日時頭上班愛暗晡頭正有閒好遶街
F1320001A2174_166_07,百貨起價就薪水無起食月給个人嘐嘐滾
F1320001A2174_167_07,事頭就做毋俐吔人客來鬧正經摝死人
F1320001A2174_168_07,蝦公夾當賤毋使幾久就生到一哪仔就係
F1320001A2174_169_07,𠊎算來算去還係這張保險單个條件最好
F1320001A2174_16_07,人吂到聲先到
F1320001A2174_170_07,懶尸牯做事就尋衫著食飯就拚到汗流脈落
F1320001A2174_171_07,佢恁久較福相笑啊去雙下𪘒就看現現
F1320001A2174_172_07,逐日看著佢就面呰呰仔像少著厥錢樣仔
F1320001A2174_173_07,過年過節共公廳个人會共下來拜阿公婆
F1320001A2174_174_07,看佢行路腳跛跛原來係坐忒久腳痺忒吔
F1320001A2174_175_07,你兩儕講个完全落毋著定著有一儕講花蓼
F1320001A2174_176_07,厥孫女吂滿五歲見看著壁蛇都嚇到嘰嘰滾
F1320001A2174_177_07,天時恁熱愛啉加兜仔水正毋會肚燥嘴渴
F1320001A2174_178_07,竹篙毋好打直凴壁放打平放正毋會橫下來
F1320001A2174_179_07,厥田在該路尾你大約仔行五分鐘就會到
F1320001A2174_17_07,小人報冤三日君子報冤三年
F1320001A2174_180_07,這泅水池个水正齊腰仔定定你做得落來搞
F1320001A2174_181_07,雞卵糕有兩垤毋過若額分若老弟食忒哩
F1320001A2174_182_07,禾埕項晒穀係有看著細石頭就順續拈忒去
F1320001A2174_183_07,逐年个五月係納稅月愛記得期限內繳納
F1320001A2174_184_07,若個性恁暮固合人毋得難怪愛輒輒換頭路
F1320001A2174_185_07,選某人做村長講就恁仔講佢敢有才調
F1320001A2174_186_07,阿姆目勾勾仔等阿哥轉透夜仔全毋敢睡
F1320001A2174_187_07,做麼个事情都愛想頭想尾觀前顧後正妥當
F1320001A2174_188_07,這個細人仔異好嘴碼老老嫩嫩都褒獎佢
F1320001A2174_189_07,細人仔發豬嫲瘵目吊吊愛遽遽送去醫院
F1320001A2174_18_07,毋怕萬事難就驚怕麻煩
F1320001A2174_190_07,該狗仔看著人同棍仔擎起來黏時行往走
F1320001A2174_191_07,虐毛蟲个毛會虐人愛細義毋好分佢蜒著
F1320001A2174_192_07,這個細妹仔个面紅囉囉仔盡像蘋果共樣
F1320001A2174_193_07,生理人笑頭笑面人客看著就會去同佢交官
F1320001A2174_194_07,阿姆當當在該煮飯過五分鐘正打來做得無
F1320001A2174_195_07,愛分人个東西先準備便莫嗄到時毋記得
F1320001A2174_196_07,風雨忒大就算擎遮仔還係歸身仔涿到潦潦
F1320001A2174_197_07,佢生到異靚可惜有狐癖行兼就鼻得著
F1320001A2174_198_07,出社會過後正較體會著爺哀對子女个愛心
F1320001A2174_199_07,運數實在還毋好正行啊出大路腳就偏著
F1320001A2174_19_07,人老三件歪行路頭低低屙尿淋溼鞋打屁屎嗄拉
F1320001A2174_1_07,床頭吵床尾和
F1320001A2174_200_07,阿日哥做个係粗事逐日轉來強強就會勯忒
F1320001A2174_201_07,這朳仔看起來好頭好面毋過裡肚全綿忒
F1320001A2174_202_07,佢破病破病身體當弱做麼个事就毋得
F1320001A2174_203_07,阿姆屙痢肚麼个都食毋得淨食粥定定
F1320001A2174_204_07,斷一個朋友一下半下交一個朋友千難萬難
F1320001A2174_205_07,在牧場做事逐日愛跍等捋牛乳盡辛苦
F1320001A2174_206_07,係同先生打白講佢毋會處罰你
F1320001A2174_207_07,佢係泥水師傅專門同人起屋
F1320001A2174_208_07,毋管仰仔你還係愛同𠊎𢯭手
F1320001A2174_209_07,佢分地動嚇著無辦法安心睡落覺
F1320001A2174_20_07,大鑊吂滾細鑊洛洛滾
F1320001A2174_210_07,無搭無碓分人罵心肚試著異委屈
F1320001A2174_211_07,恁多仔定定你恁多儕分等來食
F1320001A2174_212_07,阿麗當有禮貌看著人就會喊人
F1320001A2174_213_07,樹林著火哩樹仔做下燒淨淨
F1320001A2174_214_07,元旦升旗典禮你愛去參加無
F1320001A2174_215_07,蘿蔔絲晒到燥燥就做得收起來咧
F1320001A2174_216_07,肚屎略略仔枵枵煎粄仔來食好無
F1320001A2174_217_07,逐年䟓䟓來看燈會个遊客當多
F1320001A2174_218_07,朝晨無逐著車佢一肚屎懊惱
F1320001A2174_219_07,敢去就一擔樵毋敢去就屋下愁
F1320001A2174_21_07,頭家這抓快菜毋知有幾重仔
F1320001A2174_220_07,天光日𠊎有事無法度親身過去
F1320001A2174_221_07,正買啊著个餅仔全部分佢食淨淨
F1320001A2174_222_07,一下無看真認毋著人當敗勢
F1320001A2174_223_07,辦公室尖二十儕強強會無路好行
F1320001A2174_224_07,將來个事情還恁久到時正講
F1320001A2174_225_07,皮包仔毋知跌哪去一哪仔都尋無
F1320001A2174_22_07,若蕹菜炒到油光油光異餳人食
F1320001A2174_23_07,這弓蕉還青青食起來會浹嘴
F1320001A2174_24_07,七做八毋對做到全無自信吔
F1320001A2174_25_07,佢做人盡慨你仰會講佢鼻塞塞
F1320001A2174_26_07,這駁仔全無若消息恁久好無
F1320001A2174_27_07,這儕食吔嘴尾會甘有影係好茶
F1320001A2174_28_07,佢實在當好彩買樂透長透著獎
F1320001A2174_29_07,該副輓聯頂項个字寫來異靚
F1320001A2174_2_07,一樣生百樣死
F1320001A2174_30_07,竹杈仔愛先拗斷正做得縈草結
F1320001A2174_31_07,這兜過時个衫褲好拿去回收哩
F1320001A2174_32_07,正餐毋食淨食點心仰做得
F1320001A2174_33_07,行路毋好痀背看起來無精神
F1320001A2174_34_07,入年假以後剃頭就愛起價吔
F1320001A2174_36_07,厥腳分盎析仔刺著出當多血
F1320001A2174_37_07,這擺買个西瓜有對時夭壽甜
F1320001A2174_38_07,厥妹仔生來盡精靈讀書當慶
F1320001A2174_39_07,你恁摸挲事頭哪久正做得好
F1320001A2174_3_07,人無千日好花無百日紅
F1320001A2174_40_07,寒天時分人扚耳公試著加異痛
F1320001A2174_41_07,現下人出世係講缺嘴有好醫
F1320001A2174_42_07,做人毋好忒戥真會交無朋友
F1320001A2174_43_07,阿爸个腳有各樣行路跛啊跛仔
F1320001A2174_44_07,這事頭恁緪斗無人敢貌來做
F1320001A2174_45_07,粢粑仔打來軟入入仔當好食
F1320001A2174_46_07,無共年起个屋仔合縫項會洩水
F1320001A2174_47_07,你同阿公盤水順續擐到浴堂項
F1320001A2174_48_07,一張桌先放兩罐酒毋罅正加添
F1320001A2174_49_07,佢睡目會蹬被故所長間寒著
F1320001A2174_4_07,禾黃水落飯熟火著忒慢了
F1320001A2174_50_07,該粒朳仔盡賁肉朳仔仁當少
F1320001A2174_51_07,這擺標準放冗兜仔毋好忒嚴條
F1320001A2174_52_07,這件事情係無人收尾就無結煞
F1320001A2174_53_07,恁熱个天時毋開冷氣人會翕壞
F1320001A2174_54_07,佢識中風過故所正會嘴竵竵
F1320001A2174_55_07,落雨過後這頭老樹又必筍哩
F1320001A2174_56_07,這兜零角仔毋罅買一支枝仔冰
F1320001A2174_57_07,為著環境衛生毋好儘採呸口涎
F1320001A2174_58_07,腳髀肉嫩嫩故所扭腳髀會當痛
F1320001A2174_59_07,逐樣菜都煮到噴香當餳人食
F1320001A2174_5_07,倈仔有毋當老公有老公有毋當自家有
F1320001A2174_60_07,這酒放二十零年放到轉色吔
F1320001A2174_61_07,玻璃菜煮啊去就蝕忒伸無幾多
F1320001A2174_62_07,這箱東西重跕跕仔毋知係麼个
F1320001A2174_63_07,佢做事情細心細意項項周到
F1320001A2174_64_07,山路無人行兩下半就塞弄弄仔
F1320001A2174_65_07,這尾石斑仔差毋多有兩斤上下
F1320001A2174_66_07,佢當白直想著麼个就講麼个
F1320001A2174_67_07,細人仔拉尿無換褲恁臭尿馦
F1320001A2174_68_07,老弟暈車翻到連膽水都翻出來
F1320001A2174_69_07,洗身腳該下腳趾罅乜愛鑪淨來
F1320001A2174_6_07,後生毋肯學老來無安樂
F1320001A2174_70_07,屎胐吂坐燒仰恁緊愛轉屋下
F1320001A2174_71_07,做人个秘書愛同頭家擐皮包仔
F1320001A2174_72_07,佢揢等拳頭嫲像愛揕人樣仔
F1320001A2174_73_07,今晡日輪到你掌夜莫睡忒哦
F1320001A2174_74_07,這桌菜煮到無鹹無腥毋餳人食
F1320001A2174_75_07,該雞髀毋好挾去挾轉食忒就好
F1320001A2174_76_07,飯煮到半生熟實在吞毋落胲
F1320001A2174_77_07,球杓仔無帶著愛仰仔打網球
F1320001A2174_78_07,落恁久个雨這衫摸起來潤潤
F1320001A2174_79_07,佢分人看著走落公園肚拗花
F1320001A2174_7_07,㜮合惡賁皮合硬殼
F1320001A2174_80_07,阿姆用水管對水龍頭項透水淋菜
F1320001A2174_81_07,家祭時親族會送糕盆來祭拜
F1320001A2174_82_07,佢同索仔糖對拗一截請𠊎食
F1320001A2174_83_07,佢見食著辣个東西就會緊流濞水
F1320001A2174_84_07,這條山路斡來斡去車仔當難駛
F1320001A2174_85_07,該細人仔在石碫頂高跳上跌落
F1320001A2174_86_07,頭路日做夜做做到伸半條命
F1320001A2174_87_07,頭擺辦喪事會請和尚來誦經
F1320001A2174_88_07,阿爸還細時節緊掌牛緊看書
F1320001A2174_89_07,阿華兩子阿公異輒去公園散步
F1320001A2174_8_07,坐船望船走騎馬望馬飇
F1320001A2174_90_07,你跳上跌落到底在該無閒麼个
F1320001A2174_91_07,厥婆過身了後佢歸隻人反性歸日仔面北北全無笑面
F1320001A2174_92_07,燒燒个馬膠愛用石輪仔輾啊過大路正毋會礫礫矻矻
F1320001A2174_93_07,這係食腳痛个這係食嗽个你斯毋好拿毋著來食哦
F1320001A2174_94_07,阿乾哥專門做大賣店仔開幾下間怕賺不少錢哩喲
F1320001A2174_95_07,佢當想做阿公心臼還吂得時降子雞子就先畜等來
F1320001A2174_96_07,這大鑊較少用同佢上上去棧仔項係愛用正拿下來
F1320001A2174_97_07,𠊎結婚過後吾爸就分𠊎兜兄弟分家各人去打拚
F1320001A2174_98_07,熱天恁翕熱肉無拿去冰箱冰起來兩下半就臭風忒哩
F1320001A2174_99_07,這條數愛到月半邊仔無就下隻月初仔正有好收
F1320001A2174_9_07,好種毋傳壞種毋斷
F1320001D3174_10_07,蹶到半截个手腳毋聽講旋旋風就會分佢頓到北煞哦
F1320001D3174_11_07,斟無簡單結項起來了褲偷下去企大
F1320001D3174_12_07,驚分阿英撞著共樣手腳無已生活个同學這下搭个到山園
F1320001D3174_13_07,淨時分佢恁樣橫打直過徙步過徙步怪奇
F1320001D3174_14_07,明明蹶到頭前做麼个顛倒打卵退先生个錢鞋䌈在腳項
F1320001D3174_15_07,看起來有頭家个派頭到徙步該下正知矮還重哦
F1320001D3174_16_07,食飯係盡歡喜个事情打早就分交車再出門个形
F1320001D3174_17_07,吂到半粽肚屎就佢理穀了
F1320001D3174_18_07,飯菜香對三樓重上六樓來仰會還坐得核
F1320001D3174_19_07,簡簡單單个入代叔公分位長一愐食一隻放一堆
F1320001D3174_1_07,時節吂到像刀仔樣个冷風就一路兼來了
F1320001D3174_20_07,較算都毋著較點做毋清裝袋仔个叔公阿伯頭緊拂
F1320001D3174_21_07,阿喜哪又毋著哦鞋堵著食這件事情
F1320001D3174_22_07,肚屎一枵頭那就形毋單淨手腳無力
F1320001D3174_23_07,連頭那肚个東西都作怪哦歸晝邊仔人坐一張桌
F1320001D3174_24_07,先生摎飯同菜裝入醃缸肚上背還過放一垤婆个豬排
F1320001D3174_25_07,做得食哩等下𠊎正同人剪較細垤兜仔
F1320001D3174_26_07,先生講沙著湯匙雜落碗公肚半口都吂吞著
F1320001D3174_27_07,就搣到歸竹仔了遽到換公還曉得落灶下
F1320001D3174_28_07,將就用頭那殼得黃工阿姆哀愛食佢都難喔
F1320001D3174_29_07,該再叔公阿魁遽遽過來𢯭手三十歲欸
F1320001D3174_2_07,冷颼颼个風對阿形个衫袖轉往入在圓身邊仔一輪
F1320001D3174_30_07,齋大人還愛人辦事講起來還見笑阿形
F1320001D3174_31_07,這恁久行路有較猛兜仔手腳有生活
F1320001D3174_32_07,就做得去捉火焰蟲做事加上兜仔錢好討餔娘哦
F1320001D3174_33_07,聽著這兜話阿形嘴角豆往上目神肚有歡喜
F1320001D3174_34_07,有盼望个人生在厥心肝肚前轉百轉
F1320001D3174_35_07,服祀吔又複習幾多萬變吔佢乜想愛身邊有人
F1320001D3174_36_07,乜想愛有送自家个家家庭這兜敢係弄想哪日正會發現
F1320001D3174_38_07,總有一日會灶下出現
F1320001D3174_39_07,恁久毋知起麼个性朝晨頭䟘床都想愛食水粄仔
F1320001D3174_3_07,正對肚臍下个開路出來阿形牙根揇等利利个雞嫲皮
F1320001D3174_40_07,還細歇在姐婆屋下每日臨天光就分舅姆喊䟘床
F1320001D3174_41_07,去廳下拜阿公婆再入灶下跈等佢共下做粄仔
F1320001D3174_42_07,舅姆蒸水粄仔賣𢯭手顧一家人个食著
F1320001D3174_43_07,天吂光灶下就𠊎兩個人
F1320001D3174_44_07,事頭對一個細人仔來講有較辛苦兜仔但係舅姆做好粄仔
F1320001D3174_45_07,有兩碗水粄仔做得食朝論起來也係幸福个生活
F1320001D3174_46_07,這下自家成家了上班个人堵著放尞日
F1320001D3174_47_07,有目好睡輒常睡到日頭晒屎胐等行到市場愛來買水粄仔
F1320001D3174_48_07,就淨看著空空个攤仔通盤賣淨淨伸半息都無
F1320001D3174_49_07,想愛食又早早䟘毋得床仰結煞就好愐啊愐
F1320001D3174_4_07,傷毋平雲補歸身就同該正挷忒个雞平共樣
F1320001D3174_50_07,就自家來學做正著決定自家動手學做就愛認真
F1320001D3174_51_07,對網路肚尋資料參考問阿姆佢兜有經驗个人
F1320001D3174_52_07,一步一步將買來个在來米粉加水摝好倒入碗肚
F1320001D3174_53_07,再放在電鑊仔蒸蒸粄仔个時節做得來炒香料
F1320001D3174_54_07,等到香料炒好水粄仔乜差毋多蒸好了頭一擺蒸好个水粄仔
F1320001D3174_55_07,頂項水水底下硬硬做得食但係口感毋好
F1320001D3174_56_07,去請教阿姆佢兜得著个結果係在蒸水粄仔該下
F1320001D3174_57_07,久久仔愛摝幾下米漿水該米漿正毋會停腳
F1320001D3174_58_07,造成底下硬硬頂項水水个情況
F1320001D3174_59_07,經過阿姆佢兜提醒再愐起還細看賣水粄个舅姆蒸水粄仔
F1320001D3174_5_07,還寒喔搞份个面頰卵喊仔仁醋吾緊出血
F1320001D3174_60_07,佢正式會打開籠床蓋再用筷仔同每碗摝過正繼續蒸
F1320001D3174_61_07,該下還細對
F1320001D3174_62_07,就無去了解做麼个舅姆會恁仔來蒸水粄仔
F1320001D3174_63_07,這下了解事情个原因做得學著一擺寶貴个經驗
F1320001D3174_64_07,知得失敗个原因𠊎就興嘟嘟仔再做加一擺
F1320001D3174_65_07,這下知在哪個過程愛注意麼个定定仔莫恁鬥緊个
F1320001D3174_6_07,分个年頂最摎一片个環境這下看起來越勢
F1320001D3174_7_07,還細驚肚个自家實在還全全毋得寒天時
F1320001D3174_8_07,尿又特別多對位仔項起來對阿來講係大工廠
F1320001D3174_9_07,無起嘴个腳窮个手屎胐愛水識準備等
M0070001A2018_100_07,走幾下轉學校同你送課本正經搣衰人
M0070001A2018_101_07,麼人亂傳話外背人講到當難聽你知無
M0070001A2018_102_07,這女主角雖然講毋係當靚毋過當耐看
M0070001A2018_103_07,屋下玩具一千擔分佢隻把仔搞會仰仔
M0070001A2018_104_07,這還吂使恁遽決定啦愛做決定斯無恁該
M0070001A2018_105_07,佢去過當多國家吾金器分賊仔偷淨淨吔
M0070001A2018_106_07,細人仔隻隻畜到肥卒卒仔佢係做裝潢个
M0070001A2018_107_07,雞卵糕有兩垤毋過若額分若老弟食忒哩
M0070001A2018_108_07,這幾日个天時無正常溫度高又過起燒風
M0070001A2018_109_07,打早就看佢頭磬磬弄弄仔行毋知愛去哪
M0070001A2018_10_07,行得夜路多必有遇鬼時
M0070001A2018_110_07,頭擺街路尾有一間戲園逐暗晡會做電影
M0070001A2018_111_07,莫麼个就望細人仔自家身體顧好來較贏
M0070001A2018_112_07,衫褲洗好拿去脫水機攪攪啊晾較遽燥
M0070001A2018_113_07,虐毛蟲个毛會虐人愛細義毋好分佢蜒著
M0070001A2018_114_07,轉寒哩加領裌仔無寒著斯無結無煞
M0070001A2018_115_07,阿伯正出院身體還弱弱毋好去做粗事
M0070001A2018_116_07,頭擺人賣魚仔用篾皮桊到一桊一桊仔賣
M0070001A2018_117_07,細人仔時常會在這搞賭人尋婦人家有身妊个時節
M0070001A2018_118_07,屋下个東西做毋得儘採動儘採釘驚怕會犯著胎神
M0070001A2018_119_07,這路口時時有車禍經過个時節愛細義
M0070001A2018_11_07,山中無老虎猴哥做大王
M0070001A2018_120_07,阿姆生日阿姊愛自家做雞卵糕
M0070001A2018_121_07,逐朝晨有人來送報紙兩姊妹為著一領衫在廳下相罵
M0070001A2018_122_07,厥姊正結婚喊姊丈還喊毋慣嘴阿麗當有禮貌
M0070001A2018_123_07,看著人就會喊人這禮拜咖啡買一送一阿姊今年六月愛畢業
M0070001A2018_124_07,五十公斤一張衛生紙佢嫁分姓張个一盒餅仔無人在屋下
M0070001A2018_125_07,戴手錶仔佢戴士林區你愛接受事實一大碗公佢戴十二樓
M0070001A2018_126_07,臺北車頭初九天公生坐火車去花蓮攪紅毛泥一大把鎖匙
M0070001A2018_127_07,電視臺有當多談話个節目天光日佢請假你代理一下好無
M0070001A2018_128_07,𠊎下晝無歇睏這下精神毋好緊擘嘴佢戴在中央二街
M0070001A2018_129_07,對面新起兩排屋仔阿姆在灶下煠雞仔貓仔在屋頂項睡目
M0070001A2018_12_07,莫怨天莫怨地愛怨怨自己
M0070001A2018_130_07,動啊著就唉唉㗱㗱个人愛仰仔做大事這條山路斡來斡去
M0070001A2018_131_07,做人毋好忒橫係見人全閃你像驚鬼樣仔該就見笑吔哪
M0070001A2018_132_07,佢出世在萬戶家庭日日食魚食肉朝朝睡到日頭晒屎胐
M0070001A2018_133_07,緊行緊看看著中意个正買佢出車禍過後人就無忒咧
M0070001A2018_134_07,天光朝晨愛打紅粄逐日睡到七晝八晝做毋得儘採擲地圾
M0070001A2018_135_07,溼氣重樹仔當遽歿忒這兜零角仔毋罅買一支枝仔冰
M0070001A2018_136_07,車仔當難駛這個細妹仔个面紅囉囉仔盡像蘋果共樣
M0070001A2018_137_07,這事頭你總包起來屋下恁多人會同你𢯭做毋使驚
M0070001A2018_138_07,講著成績老弟同頭名全全比毋得比該尾名就還較得
M0070001A2018_139_07,上阿里山有火車路通行基礎建設建設國家科技大學
M0070001A2018_13_07,豬來窮狗來富貓來戴麻布
M0070001A2018_140_07,分佢一垤糖仔寫兩行字同你共下去食到肚屎飽飽
M0070001A2018_141_07,若係有仰仔就愛講莫客氣阿姆無在廳下在裡背煮飯
M0070001A2018_142_07,老弟當好食冰畫一條線飯店歇一夜高雄係厥故鄉
M0070001A2018_143_07,公司賺當多錢臺灣銀行大約五尺長下禮拜一請假
M0070001A2018_144_07,無問題你識佢無𠊎毋識佢恭喜發財新年快樂
M0070001A2018_145_07,食飯後愛湯喙𠊎尿出想愛屙尿老妹在洗身間洗身
M0070001A2018_146_07,食刺波仔个時蒂頭愛摘忒原來玻璃係你打爛忒个
M0070001A2018_147_07,海脣風恁大你又講無停係食著海風轉去會失聲
M0070001A2018_148_07,無知識乜愛有常識阿姊發子緊想愛翻熱到緊出汗
M0070001A2018_149_07,過節愛去公廳拜祖先元旦升旗典禮你愛去參加無
M0070001A2018_14_07,能管千軍萬馬難管廚房灶下
M0070001A2018_151_07,佢這下係管理員臺灣有當多客人佢兩兄弟差十歲
M0070001A2018_152_07,拜六个夜市仔恁多人逐儕人盎仔肚插等當靚个花
M0070001A2018_153_07,佢兩兄弟實在會搣死人上擺有講過仰又毋記得
M0070001A2018_154_07,人講豬嫲肥豬子旺家底好个人較有錢繳子弟讀書
M0070001A2018_155_07,當多蚊仔在若胠罅下蒐啊蒐仔愛叼你還毋遽遽走
M0070001A2018_156_07,阿玲玩具搞忒無收揫害厥姆躪著跌到四腳惹天
M0070001A2018_157_07,厥人生一路里來都當順序毋單淨讀書頭路乜係
M0070001A2018_158_07,今年公司賺異成錢做尾牙該下人人都有紅包好拿
M0070001A2018_159_07,佢當好展見人就拿手錶仔出來展驚人毋知樣仔
M0070001A2018_15_07,爺娘想子長江水子想爺娘擔竿長
M0070001A2018_160_07,佢當會膨風莫信佢老阿婆盡衰過無人好偎凴
M0070001A2018_161_07,做壞事早慢會分警察捉著使錢毋知痛早慢會橫笐
M0070001A2018_162_07,佢兜熟事盡多年哩喲佢兜因為立場無共樣嗄變敵人
M0070001A2018_163_07,科技進步碼頭停當多船仔建立關係建立制度
M0070001A2018_164_07,河豚同海豚形體差十分多有麼个好空記得喊𠊎喔
M0070001A2018_165_07,佢毋係正式員工大家表現到當好人愛知感謝正好
M0070001A2018_166_07,正轉啊來外背就落雨先生會同你醫好毋使愁
M0070001A2018_167_07,狗仔食東西个時節凶呷呷仔別儕一來就咬佢
M0070001A2018_168_07,頭下碼大家都看佢無半撇背尾正知佢係大腳士
M0070001A2018_169_07,雨落忒多做大水無半息雨做天旱實在異難耐
M0070001A2018_16_07,良言一句三冬暖惡語傷人六月寒
M0070001A2018_170_07,毋好煮恁多屋下淨兩儕人食毋去倒忒當打爽
M0070001A2018_171_07,參詳事情愛講道理係橫橫擎定著毋會有結果
M0070001A2018_172_07,這片个草仔𠊎割差毋多哩續等就交分你收尾
M0070001A2018_173_07,佢尋毋著身分證在間項緊揙你在揙麼个東西
M0070001A2018_174_07,這項事情下班以前愛完成水塔分風搓吹橫忒
M0070001A2018_175_07,這藥品產生當多問題多用茶箍洗手正會消滅病毒
M0070001A2018_176_07,落雨過後外背出天弓香港新起个飛機場當大
M0070001A2018_177_07,外背落大雨還響雷公車仔分大石頭矺到綿綿
M0070001A2018_178_07,你下隻月愛去新竹係無水暖好哩遽遽去洗身
M0070001A2018_179_07,佢係阿婆從細渡到大个阿哥從來毋識自家煮飯
M0070001A2018_17_07,結了三年姊嫂還毋知張伯姆姓麼个
M0070001A2018_180_07,這封信仔係韓國寄來个自家行一輪就會知咧
M0070001A2018_181_07,係無係毋係做得無做毋得做得你曉得無
M0070001A2018_182_07,細嬰兒仔雖然有多少仔臭乳臊毋過盡得人惜
M0070001A2018_183_07,北迴鐵路經過當多山火車在暗窿肚鑽來鑽去
M0070001A2018_184_07,這臺車仔仰會停在路徑頭煞煞喊車主來徙位
M0070001A2018_185_07,阿義个手目毋堵好參著嗄㪐腕實在還衰喲
M0070001A2018_186_07,這豬油放忒久鼻起來當臭油垢怕係壞忒哩
M0070001A2018_187_07,滿叔个性體當好又當熱心毋過佢係一個呱牯
M0070001A2018_188_07,犯法愛接受司法个審判佢對自家無半息自信
M0070001A2018_189_07,𠊎今晡日懶尸帶飯當晝去外背食大麵就好
M0070001A2018_18_07,毋係該人毋驚你會講係該人毋使講佢會想
M0070001A2018_190_07,天外有天人外有人一個人絕對毋好自大
M0070001A2018_191_07,入門係看著一張臭屎面會虐削到企坐毋核
M0070001A2018_192_07,這老車仔輒輒駛到半路就恬忒異無結煞
M0070001A2018_193_07,無腦屎係無恁簡單个事你到今還看毋真
M0070001A2018_194_07,過年屋下大拚掃阿姊拿水管對等窗門洩水
M0070001A2018_195_07,兩隻禮拜第一類分類兩團亼好个粄粹
M0070001A2018_196_07,一日三餐兩點心總統一任係四年兩擐粽仔
M0070001A2018_197_07,鐘聲一響學生仔緊拚拚仔行入教室準備上課
M0070001A2018_198_07,這屋仔正兩棧樓定定分粄仔摎人分飯食
M0070001A2018_199_07,天光日幾多儕會來過無幾久阿美就愛嫁咧
M0070001A2018_19_07,大舌一扇壁食涼打噎啄丟酸發牙包
M0070001A2018_1_07,人吂到聲先到
M0070001A2018_200_07,阿姆逐禮拜去學插花講著食哦佢打第一
M0070001A2018_20_07,苧仔𧊅絲苦蕒羊角仔佛果桑仔子
M0070001A2018_21_07,艾菜豆腐頭芙蓉雞旺仔蕹菜雞核仔
M0070001A2018_22_07,腹內水牛牯雞胗膨尾鼠雞公長頸鹿
M0070001A2018_23_07,茶罐肚褡褲渟茶嘴揞仔壁角底衫仔
M0070001A2018_24_07,油漆落褲頭熨斗安鈕仔鉗仔鍬布脣
M0070001A2018_25_07,變奇術歷史課模範生藝術品攝影機
M0070001A2018_26_07,打銅鑼物理課編教材美術館目珠花花
M0070001A2018_27_07,喉嗹痛看西醫心臟病食酒醉腳腫腫
M0070001A2018_28_07,愐心事對半破鋸樹仔膏藥仔閹雞仔
M0070001A2018_29_07,縱子上壁中華民族佢姓麼个自由參觀
M0070001A2018_2_07,人會算天會斷
M0070001A2018_30_07,大體來講脫體有名嶄然好膽降低噪音
M0070001A2018_31_07,去菜園淋菜先去探看啊綠豆仔暴芽
M0070001A2018_32_07,一年有四季一盒捽來火一條頸圍仔
M0070001A2018_33_07,天時恁熱出去晒會熱著
M0070001A2018_34_07,鏡仔跌到地泥項必忒吔
M0070001A2018_35_07,佢生來靚靚仔算異耐看
M0070001A2018_36_07,李仔酸合澀食吔胃糟糟
M0070001A2018_37_07,緊講話又緊掞腳當無禮貌
M0070001A2018_38_07,過目關哩針線空就桊毋過
M0070001A2018_39_07,在𠊎印象肚佢對人當好
M0070001A2018_3_07,四月寒八月旱
M0070001A2018_40_07,係食著毋合肚个東西會噎酸
M0070001A2018_41_07,天頂个星宿恁多你識幾多粒
M0070001A2018_42_07,五月節鹿港有辦划龍船比賽
M0070001A2018_43_07,恁久無看著你高加異多哦
M0070001A2018_44_07,老弟用砂鐐同花盆个泥鋪平來
M0070001A2018_45_07,開賭場个頭家會抽頭分紅
M0070001A2018_46_07,間肚有老鼠仔老妹嚇到緊噭
M0070001A2018_47_07,𠊎對榴槤个印象當壞毋好食
M0070001A2018_48_07,佢係發性起來麼人个話都毋聽
M0070001A2018_49_07,這餅仔恁燥無傍茶吞毋落胲
M0070001A2018_4_07,前人種竹後人遮蔭
M0070001A2018_50_07,佢毋曉得使筷仔挾毋著菜來食
M0070001A2018_51_07,姐婆个大聲胲遠遠就聽得著
M0070001A2018_52_07,先生吂講佢就同課本掀好勢吔
M0070001A2018_53_07,佢對樓頂倒頭種跌下來異傷重
M0070001A2018_54_07,頭前出車禍車仔全在路項卡等
M0070001A2018_55_07,阿爸使媒人婆去阿碌伯屋下講親
M0070001A2018_56_07,過年貼門對做得增添兜仔喜氣
M0070001A2018_57_07,錢愛勻勻仔使毋好一到使淨淨
M0070001A2018_58_07,官兵捉強盜係細人仔好搞个遊戲
M0070001A2018_59_07,係講你肚飢你就先食無要緊
M0070001A2018_5_07,半夜㓾豬天光賣肉
M0070001A2018_60_07,佢兩儕鬥股愛開一間便利商店
M0070001A2018_62_07,紅毛泥屋頂係有必縫定著會漏水
M0070001A2018_63_07,大家無愛聲佢定定佢嗄陣陣腦上
M0070001A2018_64_07,這下尋頭路多少仔愛會講英語
M0070001A2018_65_07,佢係有經過這位成擺仔會入來坐
M0070001A2018_66_07,這下愛赴時間你行較遽兜仔好無
M0070001A2018_67_07,蘿蔔絲愛勻開來晒無斯晒毋會燥
M0070001A2018_68_07,阿伯公个字墨盡飽講四句隨口來
M0070001A2018_69_07,阿姊失戀該站仔在齋堂歇好久
M0070001A2018_6_07,目睡鳥自有飛來蟲
M0070001A2018_70_07,看著佢平安轉來大家就寬心吔
M0070001A2018_71_07,當久無落雨一哪仔都燥絲絲仔
M0070001A2018_72_07,這桌菜煮到無鹹無腥毋餳人食
M0070001A2018_73_07,無搭無碓分人罵心肚試著異委屈
M0070001A2018_74_07,佢兩儕當相好大家異看好這段婚姻
M0070001A2018_75_07,聽人講腎家毋砸个人較會腰骨痠軟
M0070001A2018_76_07,做麼个事情都共樣好頭好尾正圓滿
M0070001A2018_77_07,番豆麻仔黃豆仔總下做得打油
M0070001A2018_78_07,老屋當闊細人仔當好在該搞賭人尋
M0070001A2018_79_07,細人仔恁硬頸定著愛教正毋會學壞
M0070001A2018_7_07,等得月出日落西
M0070001A2018_80_07,在屋下𠊎座大下背還有三個老妹
M0070001A2018_81_07,你怕異會煮哦倈仔隻隻畜到恁大仙
M0070001A2018_82_07,佢生來當嫩相其實佢四十零歲吔
M0070001A2018_83_07,阿公在間肚歇睏老弟在廳下看電視
M0070001A2018_84_07,厥身高當堵好厥細人仔體重仰恁輕
M0070001A2018_85_07,佢當有才毋單淨會唱歌仔還當會做戲
M0070001A2018_86_07,這暑假過到當充實充實自家个能力
M0070001A2018_87_07,辦這活動當有意義厥女朋友優點異多
M0070001A2018_88_07,佢兩姊嫂長透意見相反銃子用忒哩
M0070001A2018_89_07,犯重罪饒赦毋得佢當輒去人屋下白食
M0070001A2018_8_07,年到二十七過年差三日
M0070001A2018_90_07,後生人最驚老人家噥巴掌嫲盪啊過去
M0070001A2018_91_07,舊曆七月該下異多寺廟會辦普渡活動
M0070001A2018_92_07,佢做生理失敗吔目𥍉𥍉仔異衰過
M0070001A2018_93_07,恁熱个天時還同窗門關揫揫會翕死哦
M0070001A2018_94_07,昨晡日行忒悿朝晨䟘床還撐腿撐腿
M0070001A2018_95_07,下晝頭正做事个人較少車枋就放冗哦
M0070001A2018_96_07,天時恁熱食一罐冰冰个涼水異舒爽
M0070001A2018_97_07,這品菜鼻起來香噴噴仔食起來無見奇
M0070001A2018_98_07,你逐擺都係講話無算數難怪會博人惱
M0070001A2018_99_07,阿明做事一還一二還二毋會烏白來
M0070001A2018_9_07,後生毋做家老了正知差
M0070001D3018_10_07,濛煙涼風相逐雨水日頭換位𠊎展出把變个面容
M0070001D3018_11_07,春天多姿多采个本色遽遽用慢慢仔个腳步
M0070001D3018_12_07,行春到南庄南河同東河合水个所在就係中港溪个起頭
M0070001D3018_13_07,向南看去虎山著起綠色个衫摎頭前櫻花个紅鬥搭
M0070001D3018_14_07,清清个流水唱出春天个歌聲還吂謝忒个娘花跳起青春个舞步
M0070001D3018_15_07,還有樹頂打到結結个橄欖在涼風中搖啊搖仔
M0070001D3018_16_07,這時節坐菜石䃗頭凳仔頂
M0070001D3018_17_07,目珠隨意遊覽青山流水綠樹紅花
M0070001D3018_18_07,所有彩色个恬靜个鬆爽个歡喜个心情
M0070001D3018_19_07,自然在自家个敨氣在自家个血脈裡肚緊流
M0070001D3018_1_07,新春時節帶等輕鬆歡喜个心情
M0070001D3018_20_07,漸漸仔流入腦膈肚行上心肝頭這時節留一份恬靜分自家
M0070001D3018_21_07,毋使去爭買老街屋簷下个豬籠粄乜毋使去搶買桂花巷个桂花釀
M0070001D3018_22_07,就恁樣鬆爽看康濟吊橋財空中散步
M0070001D3018_23_07,看天頂高个雲霞變換無共樣个身裝
M0070001D3018_24_07,乜做得目珠眨起來聽自家个心跳聽自家个心情講話
M0070001D3018_25_07,行上海拔735公尺个昂天湖一隻面向天頂个陂塘
M0070001D3018_26_07,還來毋掣掀開神祕个面紗
M0070001D3018_27_07,圓舞場面項一大群个濛沙煙還有个打潑賴
M0070001D3018_28_07,就像細人仔樣逐就逐毋走毋使吵毋使鬧等到日頭出來
M0070001D3018_29_07,涼風吹過濛沙煙就走到尾瀉屎
M0070001D3018_2_07,跈等定定仔毋使鬥緊个腳步到外背去行行尞尞
M0070001D3018_30_07,該係矮靈祭時節青青个草坪月光晟照濛沙煙肚
M0070001D3018_31_07,晒下族人著等傳統服裝繫等臀鈴擎到月光旗
M0070001D3018_32_07,跈等祖靈祭歌跳等蛇形樣仔个舞蹈
M0070001D3018_33_07,為著逐走雨水無煙帶轉月光清風
M0070001D3018_34_07,姓朱个長老擎等鹿仔樹皮編出百步蛇樣个神鞭
M0070001D3018_35_07,傳祭場中央緊拂緊拂這場景一齣一齣就在自家个目珠肚演出
M0070001D3018_36_07,再行入脣項个賽夏文物館坐到簡報室裡肚
M0070001D3018_37_07,你做得看著雷女下凡个故事
M0070001D3018_38_07,乜做得了解矮靈祭典个流來戴在南庄个𠊎
M0070001D3018_39_07,心肝肚當確定行春就愛定定仔行定定仔看毋使走遠
M0070001D3018_3_07,看山看水看樹看花看時間靚靚个風景同色目
M0070001D3018_40_07,當然吂到像刀仔樣个冷風就一路平來知
M0070001D3018_41_07,冷颼颼个風對阿形个三點衫就舂往入菜園食定定仔一輪
M0070001D3018_42_07,正對肚臍下个開出來阿形牙根啊等𠊎利利个雞嫲皮
M0070001D3018_43_07,上毋平永久歸陣就同該正橫忒个雞皮共樣
M0070001D3018_44_07,還寒哦考个面頰來喊仔仁醋吾个出力
M0070001D3018_45_07,分个原旦就竵一片个發嘴這下看起來越勢
M0070001D3018_46_07,還細驚肚个自家實在還全全毋得寒天時
M0070001D3018_47_07,啊仰又特別多對烏仔項蹶上起來對阿煥伯係大公尺
M0070001D3018_48_07,無意再利个腳田坵个手屎胐時準備等
M0070001D3018_49_07,蹶到半萬扇个手腳毋聽講該央時會分佢頓到比煞哦
M0070001D3018_4_07,這係行春毋係走春新春在南庄
M0070001D3018_50_07,斟無簡單鐵項起來了湖敨下去企在
M0070001D3018_51_07,驚分阿英撞著共樣手腳無醫生活个同學這下搭个都生遠遠
M0070001D3018_52_07,淨時分人恁樣橫打直過徙步過徙步怪奇
M0070001D3018_53_07,民疊到頭前做麼个顛倒打卵退先生个田鞋䌈在腳項
M0070001D3018_54_07,看起來有頭家个排頭到捨該下正知𠊎還重喔
M0070001D3018_55_07,食飯係盡歡喜个事情打早就分交通車再出門个形
M0070001D3018_56_07,吂到半樹肚屎就濟咕嚕打瓜仔飯菜香對三樓上跌來
M0070001D3018_57_07,仰會還坐得核簡簡單單个入代叔公分胃腸緊愐
M0070001D3018_58_07,食隻放一堆較算都毋著較店都清
M0070001D3018_59_07,裝袋仔个子女公阿魁頭緊拂
M0070001D3018_5_07,路脣个櫻花一頭一頭開出靚靚个花有个水紅
M0070001D3018_60_07,吾啊又毋著哩唉堵著這事情
M0070001D3018_61_07,肚屎枵頭那就形毋單淨手腳無力連頭那肚个東西都作怪哦
M0070001D3018_62_07,歸陣八儕人坐一張桌先生摎傳統菜裝入家庭个大鑊肚
M0070001D3018_64_07,等下𠊎正同節較細垤兜仔
M0070001D3018_65_07,先生講沙著湯時雜落碗公肚半口都吂滾著
M0070001D3018_66_07,就搣到歸桌仔跈到換公鞋險險跌落下
M0070001D3018_67_07,將就用頭那角等黃工阿姆哀愛食佢都難喔
M0070001D3018_68_07,該再指公遽遽角仔𢯭手三十歲欸
M0070001D3018_69_07,晒大人喊愛人歡喜講起來還見笑阿公
M0070001D3018_6_07,有个啾紅還有个暗紅當像出个歡迎春天
M0070001D3018_70_07,這恁久行路有較保險哦較拚兜仔手腳有生活
M0070001D3018_71_07,就做得去捉火焰蟲做事加兜錢好討餔娘哦
M0070001D3018_72_07,聽著這兜話阿形嘴角跳往上目神肚有歡喜
M0070001D3018_73_07,有盼望个人生在厥心肝肚前轉八轉
M0070001D3018_74_07,複了又複習毋知幾多飯吔佢乜想愛身邊有人
M0070001D3018_75_07,乜想愛有熟分自家个家庭這兜敢係望想逐日正會發現
M0070001D3018_76_07,單純个阿形無怨嘆慢慢个想望日日欺大
M0070001D3018_77_07,總有一年會灶下食現
M0070001D3018_7_07,乜當像少个歡迎來南庄行尞个人客
M0070001D3018_8_07,每一頭櫻花樹逐蕊櫻花就有無共樣个形投同色彩
M0070001D3018_9_07,就像每一儕人用無共樣个生命戲碼表現自家
M0090001A2009_100_07,撙水年下仔查核成下仔處分上站仔
M0090001A2009_101_07,鑊頭搭烏蠅酒娘鉛線仔發酵尿裙仔
M0090001A2009_102_07,排桌乳珠仔伙頭牙确仔籠床嗶嗶仔
M0090001A2009_103_07,膨鏡討功勞笠嫲偎大片閂門惜過頭
M0090001A2009_104_07,柵門心肝仔籬笆轉外家籮仔命團仔
M0090001A2009_105_07,後生人最驚老人家噥講著成績
M0090001A2009_106_07,老弟同頭名全全比毋得比該尾名就還較得
M0090001A2009_107_07,巴掌嫲盪啊過去這事頭你總包起來
M0090001A2009_108_07,屋下恁多人會同你𢯭做毋使驚
M0090001A2009_109_07,交官結府大大細細大主大意動手動腳
M0090001A2009_10_07,行得夜路多必有遇鬼時
M0090001A2009_111_07,係食著毋合肚个東西會噎酸阿玲玩具搞忒無收揫
M0090001A2009_112_07,害厥姆躪著跌到四腳惹天
M0090001A2009_113_07,緊講話又緊掞腳當無禮貌
M0090001A2009_114_07,當多蚊仔在若胠罅下蒐啊蒐仔愛叼你還毋遽遽走
M0090001A2009_115_07,天頂个星宿恁多你識幾多粒
M0090001A2009_116_07,滿叔个性體當好又當熱心毋過佢係一個呱牯
M0090001A2009_117_07,佢係發性起來麼人个話都毋聽
M0090001A2009_118_07,這豬油放忒久鼻起來當臭油垢怕係壞忒哩
M0090001A2009_119_07,五月節鹿港有辦划龍船比賽參詳事情愛講道理
M0090001A2009_11_07,人情好食水甜
M0090001A2009_120_07,係橫橫擎定著毋會有結果
M0090001A2009_121_07,這餅仔恁燥無傍茶吞毋落胲毋好煮恁多
M0090001A2009_122_07,屋下淨兩儕人食毋去倒忒當打爽
M0090001A2009_123_07,佢毋曉得使筷仔挾毋著菜來食
M0090001A2009_124_07,阿義个手目毋堵好參著嗄㪐腕實在還衰喲
M0090001A2009_125_07,姐婆个大聲胲遠遠就聽得著雨落忒多做大水
M0090001A2009_126_07,無半息雨做天旱實在異難耐
M0090001A2009_127_07,先生吂講佢就同課本掀好勢吔
M0090001A2009_128_07,這臺車仔仰會停在路徑頭煞煞喊車主來徙位
M0090001A2009_129_07,過目關哩針線空就桊毋過
M0090001A2009_12_07,命歪好算命人醜好照鏡
M0090001A2009_130_07,頭下碼大家都看佢無半撇背尾正知佢係大腳士
M0090001A2009_131_07,恁久無看著你高加異多哦狗仔食東西个時節
M0090001A2009_132_07,凶呷呷仔別儕一來就咬佢
M0090001A2009_133_07,佢對樓頂倒頭種跌下來異傷重
M0090001A2009_134_07,北迴鐵路經過當多山火車在暗窿肚鑽來鑽去
M0090001A2009_135_07,頭前出車禍車仔全在路項卡等
M0090001A2009_136_07,細嬰兒仔雖然有多少仔臭乳臊毋過盡得人惜
M0090001A2009_137_07,阿爸使媒人婆去阿碌伯屋下講親
M0090001A2009_138_07,過年屋下大拚掃阿姊拿水管對等窗門洩水
M0090001A2009_139_07,係講你肚飢你就先食無要緊無腦屎係無
M0090001A2009_13_07,曉得偷食毋曉得洗嘴
M0090001A2009_140_07,恁簡單个事你到今還看毋真
M0090001A2009_141_07,佢兩儕鬥股愛開一間便利商店這老車仔
M0090001A2009_142_07,輒輒駛到半路就恬忒異無結煞
M0090001A2009_143_07,有身妊个人愛多尞毋好忒過勞碌
M0090001A2009_144_07,入門係看著一張臭屎面會虐削到企坐毋核
M0090001A2009_145_07,聽人講腎家毋砸个人較會腰骨痠軟
M0090001A2009_146_07,舊曆七月該下異多寺廟會辦普渡活動
M0090001A2009_147_07,紅毛泥屋頂係有必縫定著會漏水
M0090001A2009_148_07,雞卵糕有兩垤毋過若額分若老弟食忒哩
M0090001A2009_149_07,大家無愛聲佢定定佢嗄陣陣腦上
M0090001A2009_14_07,借錢笑咪咪討錢詐毋知
M0090001A2009_150_07,這幾日个天時無正常溫度高又過起燒風
M0090001A2009_151_07,這下尋頭路多少仔愛會講英語天外有天
M0090001A2009_152_07,人外有人一個人絕對毋好自大
M0090001A2009_153_07,佢係有經過這位成擺仔會入來坐
M0090001A2009_154_07,打早就看佢頭磬磬弄弄仔行毋知愛去哪
M0090001A2009_155_07,這下愛赴時間你行較遽兜仔好無
M0090001A2009_156_07,頭擺街路尾有一間戲園逐暗晡會做電影
M0090001A2009_157_07,蘿蔔絲愛勻開來晒無斯晒毋會燥
M0090001A2009_158_07,莫麼个就望細人仔自家身體顧好來較贏
M0090001A2009_159_07,阿伯公个字墨盡飽講四句隨口來
M0090001A2009_15_07,三人同一心黃泥變成金
M0090001A2009_160_07,衫褲洗好拿去脫水機攪攪啊晾較遽燥
M0090001A2009_161_07,做麼个事情都共樣好頭好尾正圓滿
M0090001A2009_162_07,佢做生理失敗吔目𥍉𥍉仔異衰過
M0090001A2009_163_07,婦人家有身妊个時節屋下个東西做毋得儘採動
M0090001A2009_164_07,儘採釘驚怕會犯著胎神
M0090001A2009_165_07,番豆麻仔黃豆仔總下做得打油
M0090001A2009_166_07,恁熱个天時還同窗門關揫揫會翕死哦
M0090001A2009_167_07,老屋當闊細人仔當好在該搞賭人尋
M0090001A2009_168_07,昨晡日行忒悿朝晨䟘床還撐腿撐腿
M0090001A2009_169_07,細人仔恁硬頸定著愛教正毋會學壞
M0090001A2009_16_07,講係一溜水做事無半撇
M0090001A2009_170_07,下晝頭正做事个人較少車枋就放冗吔
M0090001A2009_171_07,在屋下𠊎座大下背還有三個老妹
M0090001A2009_172_07,天時恁熱食一罐冰冰个涼水異舒爽
M0090001A2009_173_07,你怕異會煮哦倈仔隻隻畜到恁大仙
M0090001A2009_174_07,這品菜鼻起來香噴噴仔食起來無見奇
M0090001A2009_175_07,你逐擺都係講話無算數難怪會博人惱老弟用砂鐐同花盆个泥鋪平來
M0090001A2009_176_07,虐毛蟲个毛會虐人愛細義毋好分佢蜒著
M0090001A2009_177_07,轉寒哩加領裌仔無寒著斯無結無煞做人毋好忒橫
M0090001A2009_178_07,係見人全閃你像驚鬼樣仔該就見笑吔哪
M0090001A2009_179_07,動啊著就唉唉㗱㗱个人愛仰仔做大事這條山路斡來斡去
M0090001A2009_17_07,屎出褲帶又打結急死人
M0090001A2009_180_07,車仔當難駛這個細妹仔个面紅囉囉仔盡像蘋果共樣
M0090001A2009_181_07,阿姊失戀該站仔在齋堂歇好久看著佢平安轉來
M0090001A2009_182_07,大家就寬心吔阿伯正出院身體還弱弱毋好去做粗事
M0090001A2009_183_07,當久無落雨一哪仔都燥絲絲仔阿明做事一還一二還二
M0090001A2009_184_07,毋會烏白來頭擺人賣魚仔用篾皮桊到一桊一桊仔賣
M0090001A2009_185_07,𠊎今晡日懶尸帶飯當晝去外背食大麵就好
M0090001A2009_186_07,人講豬嫲肥豬子旺家底好个人較有錢繳子弟讀書
M0090001A2009_187_07,溼氣重樹仔當遽歿忒走幾下轉學校同你送課本
M0090001A2009_188_07,正經搣衰人這兜零角仔毋罅買一支枝仔冰
M0090001A2009_189_07,開賭場个頭家會抽頭分紅麼人亂傳話
M0090001A2009_18_07,好愁毋愁愁六月天無日頭
M0090001A2009_190_07,外背人講到當難聽你知無
M0090001A2009_191_07,食刺波仔个時蒂頭愛摘忒
M0090001A2009_192_07,這女主角雖然講毋係當靚毋過當耐看
M0090001A2009_193_07,屋下玩具一千擔分佢隻把仔搞會仰仔這桌菜煮到無鹹無腥
M0090001A2009_194_07,毋餳人食佢生來當嫩相其實佢四十零歲吔
M0090001A2009_19_07,食飯後愛湯喙𠊎尿出想愛屙尿老妹在洗身間洗身
M0090001A2009_1_07,等得月出日落西
M0090001A2009_20_07,阿公在間肚歇睏老弟在廳下看電視
M0090001A2009_21_07,係無係毋係做得無做毋得做得你曉得無
M0090001A2009_22_07,無問題你識佢無𠊎毋識佢恭喜發財新年快樂
M0090001A2009_23_07,這封信仔係韓國寄來个自家行一輪就會知咧原來玻璃係你打爛忒个
M0090001A2009_24_07,佢係阿婆從細渡到大个阿哥從來毋識自家煮飯
M0090001A2009_25_07,厥姊正結婚喊姊丈還喊毋慣嘴阿麗當有禮貌看著人就會喊人
M0090001A2009_26_07,兩姊妹為著一領衫在廳下相罵阿姆生日阿姊愛自家做雞卵糕
M0090001A2009_28_07,阿姆逐禮拜去學插花講著食哦佢打第一
M0090001A2009_29_07,你下隻月愛去新竹係無水暖好哩遽遽去洗身正轉啊來
M0090001A2009_2_07,人心節節高料字寫成科
M0090001A2009_30_07,外背就落雨先生會同你醫好毋使愁天時恁熱出去晒會熱著
M0090001A2009_31_07,臺北車頭初九天公生坐火車去花蓮攪紅毛泥一大把鎖匙
M0090001A2009_32_07,公司賺當多錢臺灣銀行大約五尺長下禮拜一請假
M0090001A2009_33_07,天光日幾多儕會來過無幾久阿美就愛嫁咧
M0090001A2009_34_07,佢兩兄弟實在會搣死人上擺有講過仰又毋記得
M0090001A2009_35_07,天光朝晨愛打紅粄逐日睡到七晝八晝做毋得儘採擲地圾
M0090001A2009_36_07,對面新起兩排屋仔阿姆在灶下煠雞仔貓仔在屋頂項睡目
M0090001A2009_37_07,戴手錶仔佢戴士林區你愛接受事實一大碗公佢戴十二樓
M0090001A2009_38_07,老弟當好食冰畫一條線飯店歇一夜高雄係厥故鄉
M0090001A2009_39_07,若係有仰仔就愛講莫客氣阿姆無在廳下在裡背煮飯
M0090001A2009_3_07,良言一句三冬暖惡語傷人六月寒
M0090001A2009_40_07,緊行緊看看著中意个正買佢出車禍過後人就無忒咧
M0090001A2009_41_07,這屋仔正兩棧樓定定分粄仔摎人分飯食
M0090001A2009_42_07,拜六个夜市仔恁多人逐儕人盎仔肚插等當靚个花
M0090001A2009_43_07,五十公斤一張衛生紙佢嫁分姓張个一盒餅仔無人在屋下
M0090001A2009_44_07,分佢一垤糖仔寫兩行字同你共下去食到肚屎飽飽
M0090001A2009_45_07,佢毋係正式員工大家表現到當好人愛知感謝正好
M0090001A2009_46_07,佢這下係管理員臺灣有當多客人佢兩兄弟差十歲
M0090001A2009_47_07,外背落大雨還響雷公車仔分大石頭矺到綿綿落雨過後
M0090001A2009_48_07,外背出天弓香港新起个飛機場當大佢戴在中央二街
M0090001A2009_49_07,鐘聲一響學生仔緊拚拚仔行入教室準備上課
M0090001A2009_4_07,牛毋做賊毋做橫打直過
M0090001A2009_50_07,過年貼門對做得增添兜仔喜氣
M0090001A2009_51_07,河豚同海豚形體差十分多有麼个好空記得喊𠊎啊
M0090001A2009_52_07,辦這活動當有意義厥女朋友優點異多
M0090001A2009_53_07,這藥品產生當多問題多用茶箍洗手正會消滅病毒
M0090001A2009_54_07,這項事情下班以前愛完成水塔分風搓吹橫忒
M0090001A2009_55_07,無搭無碓分人罵心肚試著異委屈𠊎下晝無歇睏這下精神毋好
M0090001A2009_56_07,緊擘嘴佢尋毋著身分證在間項緊揙你在揙麼个東西
M0090001A2009_57_07,上阿里山有火車路通行基礎建設建設國家科技大學
M0090001A2009_58_07,科技進步碼頭停當多船仔建立關係建立制度
M0090001A2009_59_07,錢愛勻勻仔使毋好一到使淨淨這路口時時有車禍
M0090001A2009_5_07,吂種瓜豆先搭棚吂降倈仔先安名
M0090001A2009_60_07,經過个時節愛細義細人仔時常會在這搞賭人尋
M0090001A2009_61_07,阿公信佛教佢信基督教今年係閏年
M0090001A2009_62_07,清明愛掛紙天堂同地獄教材有六冊
M0090001A2009_63_07,佢兩儕當相好大家異看好這段婚姻
M0090001A2009_64_07,這還吂使恁遽決定啦愛做決定斯無恁該
M0090001A2009_65_07,日本當多人坐電車上班厥屋下个來臺祖係對長山來个
M0090001A2009_66_07,過節愛去公廳拜祖先元旦升旗典禮你愛去參加無
M0090001A2009_67_07,亼饅頭講笑科報戶口國民所得公部門
M0090001A2009_68_07,執政黨掛保證出車禍加減賺外國人
M0090001A2009_69_07,佢兜熟事盡多年哩喲佢兜因為立場無共樣嗄變敵人
M0090001A2009_6_07,莫罵酉時妻一夜受孤栖
M0090001A2009_70_07,間肚有老鼠仔老妹嚇到緊噭
M0090001A2009_71_07,無知識乜愛有常識阿姊發子緊想愛翻熱到緊出汗
M0090001A2009_72_07,厥身高當堵好厥細人仔體重仰恁輕佢對自家無半息自信
M0090001A2009_73_07,做壞事早慢會分警察捉著使錢毋知痛早慢會橫笐
M0090001A2009_74_07,這片个草仔𠊎割差毋多哩續等就交分你收尾
M0090001A2009_75_07,佢兩姊嫂長透意見相反銃子用忒哩犯法愛接受司法个審判
M0090001A2009_76_07,佢去過當多國家吾金器分賊仔偷淨淨吔
M0090001A2009_77_07,𠊎對榴槤个印象當壞毋好食
M0090001A2009_78_07,在𠊎印象肚佢對人當好
M0090001A2009_79_07,佢當有才毋單淨會唱歌仔還當會做戲
M0090001A2009_7_07,貓躁飯甑種成狗
M0090001A2009_80_07,這暑假過到當充實充實自家个能力
M0090001A2009_81_07,植物園菊花茶畜頭牲龜山島澄清湖
M0090001A2009_82_07,漯落去打隻結撥扇仔一桶水䌈焿粽
M0090001A2009_83_07,電視臺有當多談話个節目天光日佢請假
M0090001A2009_84_07,你代理一下好無官兵捉強盜係細人仔好搞个遊戲
M0090001A2009_85_07,犯重罪饒赦毋得佢當輒去人屋下白食
M0090001A2009_86_07,佢當會膨風莫信佢老阿婆盡衰過無人好偎凴
M0090001A2009_87_07,一日三餐兩點心總統一任係四年兩擐粽仔
M0090001A2009_88_07,兩隻禮拜第一類分類兩團亼好个粄粹
M0090001A2009_89_07,細人仔隻隻畜到肥卒卒仔佢當好展
M0090001A2009_8_07,好事毋出門壞事傳千里
M0090001A2009_90_07,見人就拿手錶仔出來展驚人毋知樣仔
M0090001A2009_91_07,佢係做裝潢个佢出世在萬戶家庭
M0090001A2009_92_07,日日食魚食肉朝朝睡到日頭晒屎胐
M0090001A2009_93_07,鏡仔跌到地泥項必忒吔今年公司賺異成錢
M0090001A2009_94_07,做尾牙該下人人都有紅包好拿
M0090001A2009_95_07,佢生來靚靚仔算異耐看厥人生一路里來都當順序
M0090001A2009_96_07,毋單淨讀書頭路乜係
M0090001A2009_97_07,李仔酸合澀食吔胃糟糟海脣風恁大
M0090001A2009_98_07,你又講無停係食著海風轉去會失聲
M0090001A2009_99_07,搵水向往上莊頭一站仔竹篙哪央時
M0090001A2009_9_07,三擇四擇擇隻爛瓠杓
M0090001D3009_10_07,打忒結个細楊桃樹摘到一桶一桶愛留來做堆肥田坵肚種密麻濟个紅毛泥楯
M0090001D3009_11_07,頂高用粗鉛線橫架直架織成楊桃廳十過年个樹身將棚頂弇到塞塞毋通風
M0090001D3009_12_07,園肚就感覺較燒暖緊落水溪个汶水蔭田坵會沉腳當多烏烏个粉沙泥
M0090001D3009_13_07,這種泥質適合各種農作物个成長尤其楊桃樹身生到粗壯粗壯
M0090001D3009_14_07,樹葉仔青到轉烏金著高㬹鞋行在土質軟鬆个果園肚
M0090001D3009_15_07,一步一步愛細義毋好橫著就會泥糊湢沷
M0090001D3009_16_07,大嫲聲喊爺哀阿爸阿姆妹轉來了強大个風聲帶等𠊎大聲个呼喚
M0090001D3009_17_07,傳到當遠當遠个尾聲中傳來略帶顫音又當熟个阿姆聲哦聽著哩
M0090001D3009_18_07,看著一高矮亍亍仔行來个身影阿爸著等無異賁个名哦驚索索仔
M0090001D3009_19_07,較矮妝个阿姆著客家婦女烏色个長褲蒙被
M0090001D3009_1_07,轉妹家轉到二林鎮開下玻璃窗仔
M0090001D3009_20_07,兩儕人个面項用花布陽巾包塞哩正伸兩粒目珠在該緊捩
M0090001D3009_21_07,妹仔同倈仔用客家話喊阿姐公阿姐婆
M0090001D3009_22_07,兩老仔聽啊著笑到合嘴毋揫在阿公手頭就做好个內廊式伙房屋
M0090001D3009_23_07,歇到今既經五十零年吔較舊哩風會對細縫仔鑽入來
M0090001D3009_24_07,奏出咻咻咻咻又磬令哐啷个音樂聲食晝時桌項有阿姆燜个旗仔塊軟三層肉
M0090001D3009_25_07,豆干魷魚炒蔥仔酸菠蘺菜煮豬肉湯豆豉脯熻豬油渣幾下項阿姆个手路菜
M0090001D3009_26_07,食起來有阿姆个味緒轉妹家最想看个就係爺哀个笑容
M0090001D3009_27_07,還有愐起難忘个童年這兜懷想永久在吾个心肝肚
M0090001D3009_28_07,尖山透豐原个大路脣去起一間新重重仔个三棧樓店面
M0090001D3009_2_07,北風發狂樣仔灌入車仔裡肚會割人个風同𠊎讀小學時共樣無變
M0090001D3009_30_07,禾稈屋頂个篾仔店右手析又一間黃泥地泥磚泥壁
M0090001D3009_31_07,故所屋頂个篾仔店該係民國六十零年臺灣个茶米還當外銷个時代
M0090001D3009_32_07,幾百戶仔人家个細莊頭仔有十過間个茶工廠
M0090001D3009_33_07,兩個老人頭家搣籮搣䈪無閒洎杈人客定好个貨做都毋得掣分人
M0090001D3009_34_07,瘦瘦仔个阿福伯歇在店對門講四縣價數做得參相
M0090001D3009_35_07,事趕得硬性講話直賭還係一個接骨師傅來來來看一下時鐘仔幾多點欸
M0090001D3009_36_07,一挩一𢱤少忒个手腕落忒个下頷都鬥轉去哩總係下把仔還係有人痛到阿姆乳子哀唷唩唩喊
M0090001D3009_37_07,煮孤罵切个抑係有較矮㑁个阿海伯屋下在店後背講海豐價數毋好講事莫追恬性罕得噥哢
M0090001D3009_38_07,兩儕人个工都做到異幼做个籮籠也盡有信用
M0090001D3009_39_07,食飽朝趕等破篾仔修篾仔係佢兜儕逐日个頭路
M0090001D3009_3_07,頭擺冬下頭行路去學校讀書每日分風吹到頭那麻麻痺痺
M0090001D3009_40_07,㧡泥个畚箕抔穀个𥯥箕簸米个簸箕㧡嘴个四角菜籃
M0090001D3009_41_07,擐牲儀个圓菜籃吊高高譴貓仔該氣死貓
M0090001D3009_42_07,穀籮米篩毛籣飯撈茶䉂豬籠字紙籠雪毛蟹个籠仔
M0090001D3009_43_07,捉蝦公个笱仔粗工个火炭籠幼工个籮䈪討有篾仔做得出來个籠䉂
M0090001D3009_44_07,佢兩儕都有法度搣分人客成時還愛摎人正來打算無就做幾張仔細竹椅仔放等好分人客坐尞
M0090001D3009_45_07,食飽夜點一葩火又愛煞煞趕事罕得有好清閒
M0090001D3009_46_07,摘茶做茶个時節歸生人無閒摘茶歸上頭仔都係焙茶个香味日連夜
M0090001D3009_47_07,歸禮拜仔毋會停毋會散摘茶用个䉂公裝茶菁个茶籠仔下都還做毋掣分人行討
M0090001D3009_48_07,民國七十年以後產業个政策轉變哩个慈起來欸
M0090001D3009_49_07,屋頭前開始有耕了茶園翻忒種菜个種菜田坵放佢生草个生草
M0090001D3009_4_07,兩隻鼻公空个鼻水流流流流手巾仔捽欸兩下半就溼忒欸
M0090001D3009_50_07,耕種摘茶㧡擔个人都少仔做篾仔个頭路也就閒哩
M0090001D3009_51_07,兩個老人家堵好也老哩準退休哩篾仔店就放佢橫忒去哩
M0090001D3009_52_07,選竹倒竹破篾挷篾修篾浸竹骨拗竹骨
M0090001D3009_53_07,代竹骨做竹橋做篾師傅搣籮搣䈪个身影只有鏡鮮个留在莊下个頭擺頭擺
M0090001D3009_5_07,暗晡頭寫作業兩隻手凍到拿筆毋穩阿姊都扐被骨當等寫字
M0090001D3009_6_07,這下想著海口風還會起雞嫲皮倈仔妹仔都在該問媽媽屋下仰會恁大風
M0090001D3009_7_07,出日頭又發風搓轉到後厝里屋下楊桃園面前下車
M0090001D3009_8_07,𢱤開柵門看著一行一行整整齊齊个蜜絲楊桃樹
M0090001D3009_9_07,打到累累墜每一粒都用紙袋仔包到微微莽莽
M1280001A2138_100_07,你這兜先行無相干𠊎鞋帶仔繫好就會跈等逐上去
M1280001A2138_101_07,厥爸放尞帶等歸家人共下出國遶尞大家都暢摸摸仔
M1280001A2138_102_07,歸隻暑假都走到海脣沙埔項搞當然晒到歸身烏金金仔
M1280001A2138_103_07,恁多歲吔做毋得過像頭擺恁仔無打無算爺哀斯會愁哦
M1280001A2138_104_07,阿祿伯自從厥倈仔頭路成功以後去到哪就風神哎哎
M1280001A2138_105_07,上屋个兩公婆恁久異會冤家大家喊叔婆去話開佢兜
M1280001A2138_106_07,佢出世在萬戶家庭日日食魚食肉朝朝睡到日頭晒屎胐
M1280001A2138_107_07,佢在這間公司做小使仔哪位喊佢就去哪位𢯭手
M1280001A2138_108_07,阿明這擺考試打頭名佢就沙鼻摝天一哪仔同人講
M1280001A2138_109_07,阿福牯來屋下坐歸晝邊仔臨將愛走吔正講想講來招保險
M1280001A2138_10_07,南蛇鑽壁籬毋死也㪐一層皮
M1280001A2138_110_07,人有五隻手指手指公蛇頭指棟指無名指同手指尾
M1280001A2138_111_07,𠊎今晡日本底當無閒講著分你請𠊎斯挷工過來
M1280001A2138_112_07,阿姆這駁仔半做半尞這下就等退休過後在屋下渡孫仔
M1280001A2138_113_07,佢心情毋好你毋好惹佢等一下佢起戇面你就知哩
M1280001A2138_114_07,平常時毋煞猛讀書尞日還搣漦搣濞愛仰般有好成績
M1280001A2138_115_07,麼人喊你恁假會這下同洗衫機搣壞忒你敢愛負責
M1280001A2138_116_07,這東西正出還貴森森仔等到大出該下會較便宜
M1280001A2138_117_07,這條布仔當嗍水正放啊下就同歸桌仔个水嗍到燥燥
M1280001A2138_118_07,你兜禮拜日來吾屋下等𠊎展手路請你兜食好料仔
M1280001A2138_119_07,阿姑仔逐年做生日佢就會打電話過來正經十分有心
M1280001A2138_11_07,三日風三日霜三日大天光
M1280001A2138_120_07,這批貨个原料算算啊及及仔還罅有少乜毋會少盡多
M1280001A2138_121_07,該隻後生仔異了少在老人家面前也無大無細惡桀桀仔
M1280001A2138_122_07,這半年來做天旱這冬个穀做下冇冇耕田人實在辛苦
M1280001A2138_123_07,細人仔毋聽講愛定定仔解勸莫起戇面正毋會煩躁
M1280001A2138_124_07,阿明牯朝思夜想在外國个女朋友可見兩個人感情當深
M1280001A2138_125_07,這頭路錢雖然無多毋過三餐食頭家算起來乜還做得
M1280001A2138_126_07,阿婆當工夫有人客來屋下尞佢定著會斟茶分人食
M1280001A2138_127_07,這件事情𠊎想去想轉總感覺毋妥當還係莫做好吔
M1280001A2138_128_07,大家尞等好好講兩句仔佢毋中意聽个話佢就掣等走
M1280001A2138_129_07,該儕人毋知係無好食抑仰仔正會瘦到像支竹篙樣仔
M1280001A2138_12_07,見床眠見凳坐
M1280001A2138_130_07,𠊎親眼看著你偷拿人个錢遽遽承認莫在該詐癲
M1280001A2138_131_07,天光日愛考試三更半夜火還光光今暗晡怕毋使睡哩
M1280001A2138_132_07,阿叔完全無懼著該兜惡豺豺个鱸鰻仔同佢兜論理
M1280001A2138_133_07,車仔買啊去月給三除四扣逐隻月伸著五千銀好使
M1280001A2138_134_07,厥婆過身了後佢歸隻人反性歸日仔面北北全無笑面
M1280001A2138_135_07,歸班仔都在該睡當晝你行路愛輕手輕腳莫吵著人
M1280001A2138_136_07,在局勢混亂个時代梟雄輒輒會得著天下
M1280001A2138_137_07,你兩儕透日共下䠙上䠙下到底做麼个頭路
M1280001A2138_138_07,車仔壞忒又無帶著錢包這下正經噭無目汁
M1280001A2138_139_07,學校舉辦嗙雞胲比賽大家聽到哈哈大㖸
M1280001A2138_13_07,一張嘴兩層皮講好講壞由在佢
M1280001A2138_140_07,草坪个草正割啊忒風吹啊來就鼻得著臭青味
M1280001A2138_141_07,講个人講到口涎波潑聽个人聽到嘴勺勺仔
M1280001A2138_142_07,仰恁毋知死早就喊你做結果你到今還吂做
M1280001A2138_143_07,自行車毋好停在門口會徑杈著大家出入
M1280001A2138_144_07,一陣風吹來油桐花就叭叭跌當像落雪
M1280001A2138_145_07,北迴鐵路經過當多山火車在暗窿肚鑽來鑽去
M1280001A2138_146_07,佢係有嘴無心你聽聽啊就好毋使想忒多
M1280001A2138_147_07,這老車仔輒輒駛到半路就恬忒異無結煞
M1280001A2138_148_07,這個人食蛇食𧊅麼人都騙愛細義哦
M1280001A2138_149_07,日時頭啉忒一杯咖啡暗晡頭就睡毋落覺
M1280001A2138_14_07,人惡人怕天毋怕人善人欺天不欺
M1280001A2138_150_07,天光日愛考試吔老弟當認分在屋下讀書
M1280001A2138_151_07,嬰兒仔生來盡得人惜一看著人就笑絲絲仔
M1280001A2138_152_07,這下个細人仔學當遽隻隻都係鬼精仔樣仔
M1280001A2138_153_07,兩臺車仔相撞地泥項血洋洋仔已得人驚
M1280001A2138_154_07,見擺大家講好个事情佢毋係反心就係毋承認
M1280001A2138_155_07,細雞子歸身毛絨絨像一粒球仔盡得人惜
M1280001A2138_156_07,這工程進度恁慢頭家指示期限內愛改善
M1280001A2138_157_07,吾老屋正廳个神桌下到今都還有服祀龍神
M1280001A2138_158_07,𠊎打籃球該下手拗著先生講愛打石膏
M1280001A2138_159_07,百貨起價就薪水無起食月給个人嘐嘐滾
M1280001A2138_15_07,前人種竹後人遮蔭
M1280001A2138_160_07,大家分佢騙到譴呰呰仔佢自家嗄恬恬仔偷暢
M1280001A2138_161_07,阿文仔跌倒手腳毋單淨鑪溜皮還緊出血
M1280001A2138_162_07,草結先窿落去等火較猛兜仔竹笐正窿落去
M1280001A2138_163_07,阿美同阿梅兩儕同年毋過阿美看起來較後生
M1280001A2138_164_07,吾屋下个人客間閒閒你來歇兩暗晡乜無問題
M1280001A2138_165_07,厥短褲仔恁細截仔定定屎朏凸凸分人看著哩
M1280001A2138_167_07,佢生到異靚可惜有狐癖行兼就鼻得著
M1280001A2138_168_07,先生講佢生來恁幼秀可惜寫字恁潦草
M1280001A2138_169_07,舊曆正月初九天公生阿姆會準備素果敬天公
M1280001A2138_16_07,在家千日好出門半朝難
M1280001A2138_170_07,逐年三四月仔吾屋簷下就會有燕仔來做竇
M1280001A2138_171_07,腦屎在頭那殼裡肚係人體當中盡重要个部分
M1280001A2138_172_07,𠊎今晡日懶尸帶飯當晝去外背食大麵就好
M1280001A2138_173_07,佢兩儕人个衝突在里長个排解下解決哩
M1280001A2138_174_07,手扡扡仔無現金高不將拿手錶仔去當店當
M1280001A2138_175_07,逐年个五月係納稅月愛記得期限內繳納
M1280001A2138_176_07,房頭內个長輩帶等恁多代个人共下跈拜燒金
M1280001A2138_177_07,頭擺个細人仔係毋聽話世大人就擎竹修仔捋
M1280001A2138_178_07,草坪項青溜溜仔在中央有一頭樹仔當打眼
M1280001A2138_179_07,一擺半擺無相干係長透恁樣該斯做毋得哦
M1280001A2138_17_07,做賊一更掌賊一夜
M1280001A2138_180_07,樹頂个酸柑熟吔歸樹仔黃橙黃橙纜纜吊吊
M1280001A2138_181_07,遽遽摎禾埕个穀耙歸堆用塑膠布仔幪起來
M1280001A2138_182_07,無面無目个人毋使摎佢講恁多較講乜共樣
M1280001A2138_183_07,麼个都毋肯食緊食糖仔怪毋得畜毋會大
M1280001A2138_184_07,幾下年前還係細人仔一𥍉目就成人長大吔
M1280001A2138_185_07,出社會過後正較體會著爺哀對子女个愛心
M1280001A2138_186_07,店頭家係盡有愛心个客人大家都當阿𧩣佢
M1280001A2138_187_07,廳下哪都狼離狼犁等一下仔人客愛來敢看得
M1280001A2138_188_07,雖然佢同董事長係姻親毋過一息就毋會靠勢
M1280001A2138_189_07,事頭就做毋俐吔你還來鬧正經摝死人
M1280001A2138_18_07,三分人才七分打扮
M1280001A2138_190_07,生理人笑頭笑面人客看著就會去同佢交官
M1280001A2138_191_07,你愛留兜仔私胲正毋使見擺就伸手同人拿錢
M1280001A2138_192_07,切好个配料全下落落下去爆香雪圓正會好食
M1280001A2138_193_07,去發展較落後个國家愛注意安全同衛生
M1280001A2138_194_07,對山頂透一管水下來愛食愛洗盪就做得
M1280001A2138_195_07,你恁假精做个決定後果斯愛你自家來承受
M1280001A2138_196_07,兩公婆顧賺錢哪有恁多時間好管細人仔
M1280001A2138_197_07,厥孫女吂滿五歲見看著壁蛇都嚇到嘰嘰滾
M1280001A2138_198_07,在牧場做事逐日愛跍等捋牛乳盡辛苦
M1280001A2138_199_07,臺灣三百一十九隻鄉鎮各各都有厥特色
M1280001A2138_19_07,嬌尸撥撥縱到上壁
M1280001A2138_1_07,為老不尊教壞子孫
M1280001A2138_200_07,佢做毋著事情恬恬分人罵全毋敢應話
M1280001A2138_201_07,毋好對爺哀恁惡細人仔看著斯會有樣跈樣
M1280001A2138_202_07,這包地圾愛遽遽拿去擲係無驚怕會生蟲仔
M1280001A2138_203_07,厥田在該路尾你大約仔行五分鐘就會到
M1280001A2138_204_07,學校開學屋下無細人仔个聲恬索索異毋慣
M1280001A2138_205_07,若個性恁暮固合人毋得難怪愛輒輒換頭路
M1280001A2138_206_07,𠊎算來算去還係這張保險單个條件最好
M1280001A2138_207_07,這個問題等你同屋下人參詳過後正來決定
M1280001A2138_208_07,這個人客菜價問問啊又無買實在係問暢仔
M1280001A2138_209_07,傷著血筋血流血濯愛遽遽斷血較要緊
M1280001A2138_20_07,滾水毋響響水毋滾
M1280001A2138_210_07,見擺人客來吾姆就喊𠊎去烳滾水泡茶
M1280001A2138_211_07,暗晡夜來吾屋下食夜當晝還伸當多菜頭菜腳
M1280001A2138_212_07,厥皮包仔毋見忒又出車禍實在有罅衰過
M1280001A2138_213_07,懶尸牯做事就尋衫著食飯就拚到汗流脈落
M1280001A2138_214_07,若目珠歸日仔晟等手機仔毋驚會搣青瞑喺
M1280001A2138_215_07,玻璃菜大出這下落大價一粒賣無十個銀
M1280001A2138_21_07,看著佢平安轉來大家就寬心哩
M1280001A2138_22_07,佢講到十分激動好恬恬就昏忒吔
M1280001A2138_23_07,去問一下仔看愛仰般做正好
M1280001A2138_24_07,老妹當好搞水逐擺就講愛去河壩
M1280001A2138_25_07,這兩垤餅仔平大你兜一儕一垤
M1280001A2138_26_07,人在該看電視你恬恬莫講話
M1280001A2138_27_07,人客來哩遽啊去炙茶分人食
M1280001A2138_28_07,好得有赴著這枋車無就會慢到咧
M1280001A2138_29_07,腳髀肉嫩嫩故所扭腳髀會當痛
M1280001A2138_2_07,日時毋好講人暗時毋好講鬼
M1280001A2138_30_07,皮包仔毋知跌哪去一哪仔都尋無
M1280001A2138_31_07,看佢好頭好面毋過心肝當壞
M1280001A2138_32_07,該領衫愛過日把仔正做得好
M1280001A2138_33_07,為著環境衛生毋好儘採呸口涎
M1280001A2138_34_07,縣長治理百姓个事務係盡無閒个
M1280001A2138_35_07,係講你肚飢你就先食無要緊
M1280001A2138_36_07,老弟著傷過後擎筷仔手外外仔
M1280001A2138_37_07,鑲牙齒愛尋有牌仔个醫生較保險
M1280001A2138_38_07,堵好無帶著現金你做得借𠊎無
M1280001A2138_39_07,本來講愛來後來佢又講無閒
M1280001A2138_3_07,千擇萬擇擇著爛瓠杓
M1280001A2138_40_07,兄弟之間莫恁好呿會打壞感情
M1280001A2138_41_07,過年尞歸禮拜仔愛去哪行行啊無
M1280001A2138_42_07,天闊地闊个海洋看毋著邊脣
M1280001A2138_43_07,這盤豬肉肥卒卒仔細人仔毋敢食
M1280001A2138_44_07,佢當在該撥塵灰毋好偎忒兼
M1280001A2138_45_07,落過雨屋面前个圳溝水洋洋洋洋
M1280001A2138_46_07,看佢身體恁仔怕耐毋過今年
M1280001A2138_47_07,這尾石斑仔差毋多有兩斤上下
M1280001A2138_48_07,單瞼个人目珠看起來較細粒
M1280001A2138_49_07,湯正好定定等較冷兜仔正舀來食
M1280001A2138_4_07,食人一口還人一斗
M1280001A2138_50_07,頭擺人起屋會用石灰來粉壁
M1280001A2138_51_07,日頭半天高吔你仰到今吂䟘床
M1280001A2138_52_07,地球項有七大片大陸就係七大洲
M1280001A2138_53_07,記者等下愛來採訪你準備一下仔
M1280001A2138_54_07,這坵田个四角頭都有風圍盡恬風
M1280001A2138_55_07,𠊎去車頭載若哥你在屋下掌屋
M1280001A2138_56_07,這水當淺正到膝頭恁深定定
M1280001A2138_57_07,佢講分人挷面過後面會較亮
M1280001A2138_58_07,佢毋知食恁多麼个打个屁當臭
M1280001A2138_59_07,這正經無恁簡單你做得教𠊎無
M1280001A2138_5_07,食人俸祿工夫做足
M1280001A2138_60_07,佢兩儕當相像連厥姆都分毋出來
M1280001A2138_61_07,腳當軟到半站仔就行毋停動吔
M1280001A2138_62_07,昨暗晡食忒多茶故所拉尿咧
M1280001A2138_64_07,賺錢可比針挑竻使錢可比水推沙
M1280001A2138_65_07,這兜過時个衫褲好拿去回收哩
M1280001A2138_66_07,佢當會食再過食十碗乜毋會飽
M1280001A2138_67_07,食著無淨俐个肚屎痛緊走便所
M1280001A2138_68_07,頭路日做夜做做到伸半條命
M1280001A2138_69_07,糜煮到醹合汔好食又食得飽
M1280001A2138_6_07,豬來窮狗來富貓來戴麻布
M1280001A2138_70_07,佢下班過後還愛打夜學實在當拚
M1280001A2138_71_07,針仔尖尖你斯愛擎好毋好刺著
M1280001A2138_72_07,無愛个書𢱤共下等一下載去賣
M1280001A2138_73_07,遽啊去赴上班莫在該發琢愕
M1280001A2138_74_07,這件事情係無人收尾就無結煞
M1280001A2138_75_07,老妹朝晨䟘床吂洗面目屎浙濟
M1280001A2138_76_07,車項當尖愛下車時尖都毋得出
M1280001A2138_77_07,辦公室尖二十儕強強會無路好行
M1280001A2138_78_07,毋管仰仔你還係愛同𠊎𢯭手
M1280001A2138_79_07,這隻月輪著𠊎值班會當無閒
M1280001A2138_7_07,毋做中人毋做保一生人都無煩惱
M1280001A2138_80_07,該賊仔專門擇日時頭來偷東西
M1280001A2138_81_07,斷臍毋好剪到貼愛留一細截仔
M1280001A2138_82_07,因為風搓來這擺个考試愛挷後
M1280001A2138_83_07,從細係毋曉得勤儉大吔愛仰結煞
M1280001A2138_84_07,該下有經過這條路你記得無
M1280001A2138_85_07,放雨白哩一下仔落一下仔停
M1280001A2138_86_07,人同佢講話佢面北北無愛搭人
M1280001A2138_87_07,頭家這抓快菜毋知有幾重仔
M1280001A2138_88_07,佢當無意思原旦講好个又詐毋知
M1280001A2138_89_07,海外乜有客人有兜仔還會講客話
M1280001A2138_8_07,目眉毛企毋係好東西
M1280001A2138_90_07,雖然講還吂過門毋過阿美對佢將來个家官家娘盡有孝
M1280001A2138_91_07,阿松出國去尞轉來輒輒將佢買个東西一哪仔去展寶
M1280001A2138_92_07,曩日係阿成拜伯公今這下佢過身吔下二擺換麼人拜
M1280001A2138_93_07,落大雨歸路仔濛濛看毋清楚頭前有幾多臺車仔來
M1280001A2138_94_07,講著成績老弟同頭名全全比毋得比該尾名就還較得
M1280001A2138_95_07,佢噼腦筋過後無法度停動歸日仔睡在眠床項愛人飼飯
M1280001A2138_96_07,頭擺个細人仔有耳無嘴這下个細人仔吵耳吵鼻
M1280001A2138_97_07,吾倈仔生到高長大漢毋過連八十斤个擔頭都㧡毋贏
M1280001A2138_98_07,這議題干涉著歷史个發展愛收集還較多資料正做得解釋
M1280001A2138_99_07,吂識做過个事先試試仔做看啊做著順手正做下去
M1280001A2138_9_07,朝朝三皮薑餓死賣藥郎
M1280001D3138_10_07,吾个雙手揢等吾叔个頭頸緪緪
M1280001D3138_11_07,吾个腳摎吾叔个圓身夾著核佢緊泅𠊎緊呻
M1280001D3138_12_07,這就係𠊎對該條河壩盡深个第一印象
M1280001D3138_13_07,該條河壩也係𠊎讀國中時節釣毛蟹捉魚仔个所在
M1280001D3138_14_07,落雨過出門水个時節
M1280001D3138_15_07,擎枝釣梹一捲釣線兩隻挽仔一确䘆公
M1280001D3138_16_07,就做得釣著歸錫桶个毛蟹
M1280001D3138_17_07,還記得該央時釣梹一拂釣餌沉落底
M1280001D3138_18_07,無兩下半釣梹尾就墜下去魚仔來食釣哩
M1280001D3138_19_07,釣梹彎彎捙起來兩隻兩隻个毛蟹就入落錫桶裡肚
M1280001D3138_1_07,該條河壩係𠊎童年搞水洗身仔个地方
M1280001D3138_20_07,該時節毋單止毛蟹河壩肚一哪仔就係魚仔白哥仔
M1280001D3138_21_07,紅哥白石斑仔齊口山鰱仔洋公黃阿角
M1280001D3138_22_07,蝦公沙溜羌石貼仔狗牯琢團魚鱸鰻
M1280001D3138_23_07,河壩肚該有个魚仔該條河壩就有這下愐起來
M1280001D3138_24_07,該條河壩裡肚有恁多樣魚仔實在釣就釣毋忒喔
M1280001D3138_25_07,該條河壩脣个大石頭頂高在冬下頭个時節
M1280001D3138_26_07,係莊項人晒鹹菜蘿蔔仔个地方
M1280001D3138_27_07,一頭一頭滷到淰黃个水鹹菜晒做半燥溼个覆菜
M1280001D3138_28_07,就做得入甕裝盎係拿來煮豬肉豬肚湯保證食欸會尋尾
M1280001D3138_29_07,一頭一頭滷到淰黃个水鹹菜晒做燥絲絲个鹹菜乾
M1280001D3138_2_07,還記得𠊎六歲該年同阿細叔共下去到該條河壩个伯公潭
M1280001D3138_30_07,拿來煲爌肉仰般个香氣鼻著个人定著喊肚飢呢
M1280001D3138_31_07,該切到一矻一矻雪白个蘿蔔仔晒做泥黃色个蘿蔔乾
M1280001D3138_32_07,香甘个味緒鼻著个人定著會流口涎水哦
M1280001D3138_33_07,該刷到一條一條金亮个蘿蔔仔
M1280001D3138_34_07,晒做毋泥黃色个蘿蔔絲拿來煎卵特別合味哦
M1280001D3138_35_07,該刷到一垤一垤圓白个蘿蔔仔晒做捲燥个蘿蔔錢
M1280001D3138_36_07,放入排骨共下煮湯好食到毋好摎你講哦該條河壩
M1280001D3138_37_07,有淰淰个香味陪𠊎行過肚飢飢个童年該條河壩
M1280001D3138_38_07,有豐富个魚群陪𠊎行過孤孤單單个童年該條河壩
M1280001D3138_39_07,有鮮鮮个河水陪𠊎行過快樂个童年該條河壩
M1280001D3138_3_07,當會泅水仔个阿細叔肩頭項擎等光光打盡嘴个𠊎
M1280001D3138_40_07,厥个名仔安到中港溪
M1280001D3138_41_07,人講半夜想該千條路天光本本磨豆腐
M1280001D3138_42_07,豆腐伯姆斯無恁花螺心佢係入夜一覺天曚光
M1280001D3138_43_07,伶俐鑊滾豆乳香噴香个豆乳煮好點石膏攤粄帕入枋模
M1280001D3138_44_07,黏時就變做一大垤白雪雪个靚豆腐了
M1280001D3138_45_07,梳一隻亮線潔節个髻鬃花著一身淨俐線斗个大衿衫
M1280001D3138_46_07,兩隻搓到白淨个菜籃肚合兩枋餳人个豆腐
M1280001D3138_47_07,一疊洗到晟光个枸薑葉一匝絲好拈正个枸薑莖絲
M1280001D3138_48_07,福相福相開容笑面个豆腐伯姆㧡起擔竿上家路了
M1280001D3138_49_07,買豆腐哦買豆腐哦豆腐伯姆還吂開賣
M1280001D3138_4_07,向潭中央泅過去緊泅緊深𠊎一著驚
M1280001D3138_50_07,係洗等嘴面个細孲仔影著豆腐伯姆个身裝仔
M1280001D3138_51_07,嘴肚還哱等牙膏波就遽遽出聲通報屋下人
M1280001D3138_52_07,再煞煞湯嘴洗手面
M1280001D3138_53_07,入灶下擎盤買豆腐了大人細子拿等屋下个盤碗
M1280001D3138_54_07,一儕儕開大門過大路遽腳板行過來
M1280001D3138_55_07,莊頂人聽著聲哨乜遽手㘝等錢迎下來
M1280001D3138_56_07,阿凱絭鼻了有好分爺哀使嘴了還乖哦
M1280001D3138_57_07,來兜好定定仔行哦豆腐伯姆牽起阿凱仔个手
M1280001D3138_58_07,摎一盤豆腐實疊放在厥手面
M1280001D3138_59_07,看等新制服个背影歡喜行轉屋面前正安心掠起下雨手豆腐
M1280001D3138_5_07,就摎𠊎細叔个頭那沉到水竇肚
M1280001D3138_60_07,四方八面行來散去个身影東片析正䟘床个日頭
M1280001D3138_61_07,豆腐伯姆安定个笑容賁文个聲線
M1280001D3138_62_07,豆腐枋頂一條條決裁个線路
M1280001D3138_63_07,莊下溫溫个人情線在打早開賣兩皮枸薑葉十字交層
M1280001D3138_64_07,放豆腐葉頭尾拈起摺一下佢用莖絲索䌈好
M1280001D3138_66_07,放入盤肚還溫燒个豆腐淋一息仔豆油
M1280001D3138_67_07,豆腐餳出豆油个香味甜味豆油吊出豆腐个豆香清甜
M1280001D3138_68_07,嗯篤實甜香幸福个味緒豆腐伯姆係好命婆哦
M1280001D3138_69_07,子孫賢孝屋場闊闊身體砸磳手腳生活
M1280001D3138_6_07,會沒水仔个佢無唉無哉跈等佢沉到水面下个𠊎
M1280001D3138_70_07,逐日煞猛做豆腐腳步定貼㧡上街路頭腦靈通做到八十零
M1280001D3138_71_07,賣一份康健做一份捨毋得个人情
M1280001D3138_72_07,還燒燒醹醹豆香个雪白豆腐
M1280001D3138_73_07,有清香色水青亮个枸薑葉相隨
M1280001D3138_74_07,兩隻菜籃一支擔竿福相个身形淨俐个大衿衫
M1280001D3138_75_07,豆腐伯姆个笑容
M1280001D3138_76_07,還留在擎盤買豆腐个細孲仔心肝肚都毋會消散
M1280001D3138_7_07,鼻公嘴空一半下嗄挶入當多水
M1280001D3138_8_07,黏邊兩腳緊蹬手緊撳嘴緊喊無愛無愛欸啦
M1280001D3138_9_07,吾細叔毋知係挑事个抑係詐耳聾還係直直泅等過去
M1300001A2163_100_07,佢做事毋認真又輒請假分頭家辭頭路
M1300001A2163_101_07,老弟走去間項囥等又毋出聲害阿姆尋上尋下
M1300001A2163_102_07,天光日愛出國阿姆就在該三叮嚀四吩咐
M1300001A2163_103_07,該個細人仔當大般喊佢跳舞無第二句
M1300001A2163_104_07,佢辦事盡工夫麼个事情都裝到好勢好勢
M1300001A2163_105_07,佢兜在巷仔肚逐上逐下無注意嗄撞著人
M1300001A2163_106_07,無帶著錢高不將先同你借天光日還你
M1300001A2163_107_07,天時恁熱食米篩目加兜仔冰矻還較湛
M1300001A2163_108_07,佢皮包仔毋見忒又出車禍實在有罅衰過
M1300001A2163_109_07,兩公婆顧賺錢哪有恁多時間好管細人仔
M1300001A2163_10_07,一代姑兩代表三代閒了了
M1300001A2163_110_07,佢過年前有來吾店項下後就無過看著吔
M1300001A2163_111_07,今晡日人客當多佢歸日仔分人使上使下
M1300001A2163_112_07,愛用个東西全部便便人員一到就做得開工
M1300001A2163_113_07,下𪘒先用燒面帕揞揞啊正較好刨鬚菇
M1300001A2163_114_07,這工程進度恁慢頭家指示期限內愛改善
M1300001A2163_115_07,這片變當多恁久無來一下仔尋無方向
M1300001A2163_116_07,腦屎在頭那殼裡肚係人體當中盡重要个部分
M1300001A2163_117_07,𠊎下晝無歇睏這下精神毋好緊擘嘴
M1300001A2163_118_07,去發展較落後个國家愛注意安全同衛生
M1300001A2163_119_07,鐘聲一響學生仔緊拚拚仔行入教室準備上課
M1300001A2163_11_07,有錢親阿哥無錢死孤盲
M1300001A2163_120_07,你想愛在該沙壩來打極樂仔該就無恁容易
M1300001A2163_121_07,在臺灣不管愛食桌菜抑西餐各樣料理都有
M1300001A2163_122_07,菜脯晒到燥水吔愛入到玻璃盎仔項保存
M1300001A2163_123_07,遽遽摎禾埕个穀耙歸堆用塑膠布仔幪起來
M1300001A2163_124_07,暗晡夜來吾屋下食夜當晝還伸當多菜頭菜腳
M1300001A2163_125_07,紙限勢恁薄又裝溼難怪輕輕仔一揰就穿空哩
M1300001A2163_126_07,這件事情𠊎無法度主意愛問主事人正較準
M1300001A2163_127_07,這細人仔分大人縱壞吔動啊著就蹬腳搵地泥
M1300001A2163_128_07,這豬油放忒久鼻起來當臭油垢怕係壞忒哩
M1300001A2163_129_07,切好个配料全下落落下去爆香雪圓正會好食
M1300001A2163_12_07,目睡鳥自有飛來蟲
M1300001A2163_130_07,兩人相吵各有理由故所單頭話做毋得全信
M1300001A2163_131_07,仰會恁衰過正得細人仔無半個愛同你講話
M1300001A2163_132_07,厥倈仔透日透夜讀書考著公務人員乜值啦
M1300001A2163_133_07,銀樓个金條盡餳人大家看到目金金仔毋想走
M1300001A2163_134_07,這手機仔搣恁久還搣毋得好𠊎看斯無效哩
M1300001A2163_135_07,歸包幼幼仔个萋魚脯仔放落冰庫異遽就結團
M1300001A2163_136_07,仰仔講佢都毋會分醒𠊎無恁大氣脈同佢詏
M1300001A2163_137_07,佢係一個生理腳無幾多年公司就開幾下間
M1300001A2163_138_07,這站仔緊落大雨造成盡多山仔行山盡危險
M1300001A2163_139_07,阿公敨氣毋順阿爸遽啊載佢去醫院分先生看
M1300001A2163_13_07,吂食五月節粽襖婆毋好入甕
M1300001A2163_140_07,該隻夭壽子食吔酒還敢駛車仔無愛命正得
M1300001A2163_141_07,頭擺个細人仔係毋聽話世大人就擎竹修仔捋
M1300001A2163_142_07,佢喊等糖仔緊講話口涎水緊本還無衛生哦
M1300001A2163_143_07,好好个頭路毋做走去做賊仔實在見人毋得
M1300001A2163_144_07,該棟屋仔異久無人歇吔牆頭牆角都係蝲䗁絲
M1300001A2163_145_07,秤仔同秤砣係一付一當个少一項就做毋得
M1300001A2163_146_07,抹草芙蓉香茅這兜植物做下做得避邪
M1300001A2163_147_07,這下人大體坐車出門尞當少遶山看光景哩
M1300001A2163_148_07,做毋著就準學經驗做得教精人也係拗蠻好个
M1300001A2163_149_07,逐擺鄉鎮討親个想無共樣難怪人講一張一宿
M1300001A2163_14_07,自家脧仔歪嫌人尿桶漏
M1300001A2163_150_07,佢弛胸㪐胛打赤膊看著人來正遽遽拿衫來著
M1300001A2163_151_07,該當愛繳个錢還係較早一息仔繳繳啊正好
M1300001A2163_152_07,草坪个草正割啊忒風吹啊來就鼻得著臭青味
M1300001A2163_153_07,佢慣勢著長褲腳脛長期無晒日頭白雪雪仔
M1300001A2163_154_07,後生毋學到老吔正來學吹笛仔毋會忒慢喺
M1300001A2163_155_07,北迴鐵路經過當多山火車在暗窿肚鑽來鑽去
M1300001A2163_156_07,草坪項青溜溜仔在中央有一頭樹仔當打眼
M1300001A2163_157_07,玻璃菜大出這下落大價一粒賣無十個銀
M1300001A2163_158_07,佢無降倈仔个倈仔過紅一個分佢騙火
M1300001A2163_159_07,逐年三四月仔吾屋簷下就會有燕仔來做竇
M1300001A2163_15_07,膠多毋黏話多毋甜
M1300001A2163_160_07,頭擺莊項有三間精米所這下伸著一間定定
M1300001A2163_161_07,阿爸這駁仔人較毋好𫣆兄弟姊妹輪等來照顧
M1300001A2163_162_07,桌仔擺毋著向哩有拖箱仔該片愛向轉來正著
M1300001A2163_163_07,後生人毋做頭路歸日仔打彳亍仰會有出息
M1300001A2163_164_07,房頭內个長輩帶等這恁多代人共下跈拜燒金
M1300001A2163_165_07,今晡日莊項做鬧熱阿姆㓾雞捋鴨來款待人客
M1300001A2163_166_07,吾老屋正廳个神桌下到今都還有服祀龍神
M1300001A2163_167_07,這兩姊妹盡奸雄食就走第一做事就瀉第一
M1300001A2163_168_07,佢考一百分先生當下嘖嘖滾阿腦佢恁慶
M1300001A2163_169_07,細人仔毋聽一𥍉目佢就香氣大路項吔
M1300001A2163_170_07,事情一擺就講畀好勢來毋好事後又來膏膏渧
M1300001A2163_171_07,仰恁毋知死早就喊你做結果你到今還吂做
M1300001A2163_172_07,店頭家係盡有愛心个客人大家都當阿𧩣佢
M1300001A2163_173_07,幾下年前還係細人仔一𥍉目就成人長大吔
M1300001A2163_174_07,有半毫利就相爭泌背行著三步路就稱功討勞
M1300001A2163_175_07,滿叔个性體當好又當熱心毋過佢係一個呱牯
M1300001A2163_176_07,這條石粒仔路孔孔翹翹愛打馬膠正會好行
M1300001A2163_177_07,早車肚盡輒看著當多人還目睡摸些就赴上班
M1300001A2163_178_07,阿明係單丁子為著愛傳代異早就結婚吔
M1300001A2163_179_07,烏陰天晾个衫褲半燥溼等好天正來晒過好哩
M1300001A2163_17_07,做賊一更掌賊一夜
M1300001A2163_180_07,這下个耕種人大體用耕銀機打拚講到哩
M1300001A2163_181_07,阿姑仔逐年做生日佢就會打電話過來正經十分有心
M1300001A2163_182_07,爺哀過身做倈仔个總認為係自家不孝故所自稱不孝男
M1300001A2163_183_07,佢做人做事盡會擎順風旗對所有个事情全部無主無意
M1300001A2163_184_07,曩日係阿成拜伯公今這下佢過身吔下二擺換麼人拜
M1300001A2163_185_07,有兜好額人從細三兩重就毋動故所這下麼个就毋會
M1300001A2163_186_07,厥爸放尞帶等歸家人共下出國遶尞大家都暢摸摸仔
M1300001A2163_187_07,三揀四揀揀著一隻賣牛眼三擇四擇擇著一隻賣瓠杓
M1300001A2163_188_07,厥心臼舊年正討入門今年就降一個倈仔還有福氣哪
M1300001A2163_189_07,人有五隻手指手指公蛇頭指棟指無名指同手指尾
M1300001A2163_18_07,青瞑毋驚槍耳聾毋驚銃
M1300001A2163_190_07,該隻朗讀比賽打頭名个細妹仔當會牽聲念到當好聽
M1300001A2163_191_07,頭擺个細人仔有耳無嘴這下个細人仔吵耳吵鼻
M1300001A2163_192_07,你這兜先行無相干𠊎鞋帶仔繫好就會跈等逐上去
M1300001A2163_193_07,𠊎係正入公司个後撐仔感謝頭家个牽成分𠊎機會
M1300001A2163_194_07,做人毋好忒橫係見人全閃你像驚鬼樣仔該就見笑吔哪
M1300001A2163_195_07,拚死拚命做事賺个錢拿去賭徼輸淨淨正經係無採工
M1300001A2163_196_07,講著成績老弟同頭名全全比毋得比該尾名就還較得
M1300001A2163_197_07,佢噼腦筋過後無法度停動歸日仔睡在眠床項愛人飼飯
M1300001A2163_198_07,今晡日事頭正做到半爛燦仔定定天光日繼續做忒佢
M1300001A2163_199_07,運動坪个細石仔乜愛拈淨來莫害打赤腳運動个人印著
M1300001A2163_19_07,學壞三日學好三年
M1300001A2163_1_07,惜花連盆惜子連孫
M1300001A2163_200_07,該個禽獸畜生專門做拐搶人个事情死忒乜係堪該
M1300001A2163_201_07,衫褲買忒大領阿姆會同𠊎整衫褲著起來較合身
M1300001A2163_202_07,愛老妹認真讀書佢聽毋入耳等佢尋頭路該下正知死
M1300001A2163_203_07,這半年來做天旱這冬个穀做下冇冇耕田人實在辛苦
M1300001A2163_204_07,這頭樹仔發蟲正洩藥仔愛圍起來毋好分人行兼去
M1300001A2163_205_07,佢想著身項還背等个債務逐日就額結結仔笑毋出來
M1300001A2163_206_07,這下獅子會个頭仔大體係用選个毋係比錢多就做得
M1300001A2163_207_07,後生人買毋起屋仔高不將先贌屋過幾年正來打算
M1300001A2163_208_07,天光日愛考試三更半夜火還光光今暗晡怕毋使睡哩
M1300001A2163_209_07,厥老公傷到當嚴重佢一哪仔求神託佛望佢遽啊好起來
M1300001A2163_20_07,省食餐餐飽省著日日新
M1300001A2163_210_07,這擺个合作八字吂有一撇還愛過談正會知有成無
M1300001A2163_211_07,間肚有老鼠仔老妹嚇到緊噭
M1300001A2163_212_07,佢信用恁差麼人敢同佢擔保
M1300001A2163_213_07,佢生理異好逐個月賺不少錢
M1300001A2163_214_07,落大雨打電話喊計程車好咧
M1300001A2163_215_07,堵好無帶著現金你做得借𠊎無
M1300001A2163_216_07,在這片到車頭愛一點鐘來行
M1300001A2163_217_07,你這種想法𠊎無法度接受
M1300001A2163_218_07,錢愛勻勻仔使毋好一到使淨淨
M1300001A2163_219_07,桌項除忒醃瓜仔無麼个菜好傍
M1300001A2163_21_07,回想還細時節試著當生趣
M1300001A2163_220_07,你講到恁嚴重害佢當愁你知無
M1300001A2163_221_07,官精乜毋去市場還當多
M1300001A2163_222_07,愛麼个就有同學全部都當欽羨佢
M1300001A2163_223_07,佢兜因為立場無共樣嗄變敵人
M1300001A2163_224_07,車項當尖愛下車時尖都毋得出
M1300001A2163_225_07,共年還細隻佢今年過加異刀
M1300001A2163_226_07,地球有百分之七十个面積係海洋
M1300001A2163_227_07,過忒恁久个事情記毋清楚吔
M1300001A2163_228_07,恁煞猛閒時閒節也打粄仔食
M1300001A2163_229_07,阿嫂手指分刀仔切著緊出血
M1300001A2163_22_07,這係食厥屋下个來臺祖係對長山來个
M1300001A2163_230_07,阿姊佢就會轉來
M1300001A2163_23_07,人在該看電視你恬恬莫講話
M1300001A2163_24_07,做事一下孤等下企石腰骨痛
M1300001A2163_25_07,恁重要个事情
M1300001A2163_26_07,買隻等路送佢分佢歡喜一下
M1300001A2163_27_07,該人當魯夫動啊著就面爪爪仔
M1300001A2163_28_07,天時恁好被骨拿去外背拔拔啊
M1300001A2163_29_07,這擺買个番薯特別當盡好食
M1300001A2163_2_07,百貨有百客伯姆有大伯
M1300001A2163_30_07,好好一隻人公仔分佢搣到壞壞
M1300001A2163_31_07,天時恁熱你背恁多衫做麼个
M1300001A2163_32_07,佢講話講到緊拂哪
M1300001A2163_33_07,今晡日愛展出个係佢打拚个成果
M1300001A2163_34_07,係佢好食个東西黏時就無忒哩
M1300001A2163_35_07,鎖匙在壁項吊等自家拿來用
M1300001A2163_36_07,上家下屋有來有去感情當好
M1300001A2163_37_07,這搭仔治安毋好你莫忒暗轉
M1300001A2163_38_07,𠊎企毋起來你來摎𠊎一下仔
M1300001A2163_39_07,比耳公一群大細愛較大聲兜仔
M1300001A2163_3_07,真藥醫假病真病無藥醫
M1300001A2163_40_07,為著自家个前途還係愛煞猛兜仔
M1300001A2163_41_07,這擺風搓影響當大停電停兩三日
M1300001A2163_42_07,下晝頭正做事个人較少車枋就放冗到已聲痛像真个樣仔
M1300001A2163_44_07,阿爸做生理了忒屋下變當苦
M1300001A2163_45_07,東西恁多怕愛兩儕正再得
M1300001A2163_46_07,你去調查一下到底係麼个事情
M1300001A2163_47_07,吾蛤蟆胲無細義去撞著痛到會死
M1300001A2163_48_07,因爭電火吂開故所間項烏疏疏仔
M1300001A2163_49_07,阿姊買一領長裙著起來當靚
M1300001A2163_4_07,了田了地毋會了手藝
M1300001A2163_50_07,阿姆緊喊佢佢嗄聽著
M1300001A2163_51_07,歸日閒閒在屋下毋知愛做麼个
M1300001A2163_52_07,堵著愛相借問正有禮貌
M1300001A2163_53_07,自家做得著就自家來莫緊麻煩人
M1300001A2163_54_07,這人習慣當差東西用啊忒就亂抨
M1300001A2163_55_07,你做得鬆爽个研究食明
M1300001A2163_56_07,這尾魚仔有幼骨愛食該下愛注意
M1300001A2163_57_07,佢原在戴這背尾正徙去別位
M1300001A2163_58_07,佢兜一屋下人靠厥爸食月給過日仔
M1300001A2163_59_07,下課時節細人仔排列吊晃槓仔
M1300001A2163_5_07,多牛踏無糞多人難平分
M1300001A2163_60_07,想愛有好成績愛較加有兜仔
M1300001A2163_61_07,佢騙人盡會逐儕就分佢騙過
M1300001A2163_62_07,車仔毋會停動你下來𢱤車仔
M1300001A2163_63_07,阿錢仔討親共下來去食就好目
M1300001A2163_64_07,煮粄條仔在一息酸醋盡合味
M1300001A2163_65_07,厥姊正結婚喊姊丈還喊毋慣嘴
M1300001A2163_66_07,佢這人當貪看著麼个就想愛
M1300001A2163_67_07,厥頭路做異大日仔過到異無閒
M1300001A2163_68_07,這隻月無賺錢乜無了錢打平過
M1300001A2163_69_07,這無一定係佢拿去个你做得問佢
M1300001A2163_6_07,良言一句三冬暖惡語傷人六月寒
M1300001A2163_70_07,阿姊數學个揇等
M1300001A2163_71_07,厥東西放這片你斯動毋得哦
M1300001A2163_72_07,拜託你同這杯仔拿轉去放好無
M1300001A2163_73_07,臨時愛用錢做得同你借兜仔無
M1300001A2163_74_07,阿姊半夜正轉毋會煞
M1300001A2163_75_07,佢走相逐毋好兩下半就行毋停動吔
M1300001A2163_76_07,這毋係若專長換別儕人做哪
M1300001A2163_77_07,讀書愛同張起來正毋會較毋記得
M1300001A2163_78_07,天光日愛出國好去款包袱吔
M1300001A2163_79_07,這東西大海有半停動無人說得影
M1300001A2163_7_07,窮人毋使多兩升白米會唱歌
M1300001A2163_80_07,佢去便所屙屎你愛等一下仔無
M1300001A2163_81_07,𠊎這兜輒輒共下鬥等買美食
M1300001A2163_82_07,老妹生到異靚當多人中意佢
M1300001A2163_83_07,今晡日朋友瘦夜無在屋下哦
M1300001A2163_84_07,阿姆生日阿姊愛自家做雞卵糕
M1300001A2163_85_07,阿爸做生日你兜有麼个表示
M1300001A2163_86_07,愛出去尞還毋趕早毋驚塞車係無
M1300001A2163_87_07,這皮包仔見用到今吂壞
M1300001A2163_88_07,人拜託佢个事情佢一直開始
M1300001A2163_89_07,這玩具無麼个生趣賣無人愛
M1300001A2163_8_07,有心打石石成磚無心打井井無泉
M1300001A2163_90_07,老妹洗好身腳無著衫就走出來
M1300001A2163_91_07,佢菸正食啊忒願頭又來遽遽走出去食菸
M1300001A2163_92_07,頭擺用灶頭煮飯該下無歕火火毋會猛
M1300001A2163_93_07,車仔壞忒又無帶著錢包這下正經噭無目汁
M1300001A2163_94_07,這下繳稅無像頭擺恁費氣有各種方法做得用
M1300001A2163_95_07,用細心細意个態度做事情較毋會有所爭
M1300001A2163_96_07,該風景你定著愛親眼看過正會知有幾靚
M1300001A2163_97_07,無採佢頭擺對你恁好你仰顛倒恩將仇報
M1300001A2163_98_07,打無名个人還有安慰獎好拿還算罔罔仔
M1300001A2163_99_07,𠊎斯同你講正經个毋好恅著係講笑个
M1300001A2163_9_07,一餐省一口一年就有一斗
M1300001D3163_10_07,愛恁樣正有辦法分主人在該做田事个時節
M1300001D3163_11_07,做得較順序有效率愛擇一條較砸磳較好个牛仔
M1300001D3163_12_07,大部分係看牛販仔佢兜為著做生理不時都愛哪仔去打探
M1300001D3163_13_07,希望尋著做得買賣條件較好个水牛
M1300001D3163_14_07,若係有看著合意个牛仔主人又毋肯賣
M1300001D3163_15_07,會挶心事个牛販仔就會聯合該兜專門偷牛仔个賊仔
M1300001D3163_16_07,利用暗晡頭下夜時節用偷个方式來偷牽牛仔
M1300001D3163_17_07,第二朝晨主人䟘床後發現到水牛毋見忒了
M1300001D3163_18_07,就會遽遽去吾門報安
M1300001D3163_19_07,清朝時期衙門裡肚个師爺就會拿出紙筆根據主人个話
M1300001D3163_1_07,牛角會轉彎係莊肚流傳當久个故事聽講清朝時代
M1300001D3163_20_07,摎牛仔个形體樣貌牛角生長个彎度詳詳細細畫出來
M1300001D3163_21_07,等尋著个時節正做得核對除忒報案以外
M1300001D3163_22_07,牛仔个主人自家乜會哪仔尋上尋下盡奇怪个事情就係
M1300001D3163_23_07,佢兜在牛販仔个牛欄肚認出自家个牛仔个時節
M1300001D3163_24_07,該頭牛仔乜會出聲頷頭應厥主人毋過分佢兜想毋通个係
M1300001D3163_25_07,這頭牛仔明明係自家畜欸三年零个
M1300001D3163_26_07,厥个眼神厥个牛鼻桊還有厥个牛蹄這兜
M1300001D3163_27_07,長透到尾看起來都當熟事仰般牛角个彎度無共樣哩
M1300001D3163_28_07,後來正聽講該偷牛仔个賊仔有一種奇術
M1300001D3163_29_07,做得分這硬仃仃个牛角一日之間轉彎變到無共樣个角度
M1300001D3163_2_07,先民在六堆地區个內埔煠田萬巒這兜所在開墾土地
M1300001D3163_30_07,假使人个主人尋著厥牛仔乜毋敢相認
M1300001D3163_31_07,因為連官府乜奈佢兜毋何
M1300001D3163_32_07,這下這種牛角會轉彎个技術既經失傳了
M1300001D3163_33_07,出世時節阿姆講𠊎薑根薑根手腳像鉛線仔樣仔
M1300001D3163_34_07,看起來身體弱漬漬仔對歲過無幾久
M1300001D3163_35_07,阿姆就帶等𠊎去三灣石哀該位
M1300001D3163_36_07,燒香拜喏求石哀絭來分𠊎戴帶分𠊎康健
M1300001D3163_37_07,乜帶分𠊎平安當記得細細个時節頸根項一條紅紅个絲線
M1300001D3163_38_07,串等一隻圓圓个東西在吾身項晃啊晃欸晃啊晃欸
M1300001D3163_39_07,緊晃𠊎緊大正知該圓圓个銅錢安到絭
M1300001D3163_3_07,開墾初期雜草大樹生到哪仔都係
M1300001D3163_40_07,該紅紅个絲線就安到絭索逐年石哀生該日阿姆準備好牲儀
M1300001D3163_41_07,就會帶等𠊎去三灣石哀該位拜喏逐擺阿姆擺牲儀个時節
M1300001D3163_42_07,就會喊𠊎摎頸根項个絭脫下來擺在牲儀脣頭
M1300001D3163_43_07,接等阿姆會點六支香分𠊎三支佢自家留三支
M1300001D3163_44_07,共下拜天公拜石哀拜金爐該位个神明半點鐘過忒
M1300001D3163_46_07,當像係祈求石哀分厥倈仔平安長大个樣仔金銀紙燒過
M1300001D3163_47_07,阿姆同舊个絭索換過新个喊𠊎摎絭戴轉自家个頸根項
M1300001D3163_48_07,擐等牲儀帶𠊎轉屋下一直到十八歲也係二十歲
M1300001D3163_49_07,𠊎既經毋記得哩吾該條銅錢絭石哀絭
M1300001D3163_4_07,地泥礫礫矻矻大細粒石頭都有該下為著愛開拓土地
M1300001D3163_50_07,也早就無在吾个頸根項哩聽老人家講
M1300001D3163_51_07,細人仔係講成人長大食六十八或者二十歲以後就愛脫絭
M1300001D3163_52_07,就算還愛戴絭神明也無法度保護你囉毋過
M1300001D3163_53_07,佢還係一直保護戴等絭還吂成年个人哦
M1300001D3163_54_07,代想神明係希望成年人自家做得保護自家
M1300001D3163_55_07,自家做得面對人間个所有苦難摎挑戰
M1300001D3163_56_07,怕係戴絭換絭脫絭係一個人成長个歷程
M1300001D3163_57_07,從大人照顧神明保護到自家做得照顧自家个過程
M1300001D3163_58_07,不管你戴个係恩主絭媽祖絭觀音絭還係麼个絭
M1300001D3163_59_07,等到自家成人長大面對任何个困難承受仰般个苦難
M1300001D3163_5_07,逐家逐戶大部分都有畜牛仔
M1300001D3163_60_07,自家總愛知得好好照顧自家自家總愛知得好好保護大家
M1300001D3163_6_07,故所牛仔就變到最有力个開墾助手
M1300001D3163_7_07,日時頭利用牛仔來犁田耕種做田坵肚个事
M1300001D3163_8_07,放工後就摎牛仔牽到圳溝肚搵水無就到河壩食水搵浴
M1300001D3163_9_07,牛仔个砸磳同耐操耐勞係一種最基本乜係盡重要个條件
